-- phpMyAdmin SQL Dump
-- version 3.5.7
-- http://www.phpmyadmin.net
--
-- Host: localhost
-- Generation Time: Dec 19, 2013 at 01:04 AM
-- Server version: 5.5.29
-- PHP Version: 5.4.10

SET SQL_MODE="NO_AUTO_VALUE_ON_ZERO";
SET time_zone = "+00:00";


/*!40101 SET @OLD_CHARACTER_SET_CLIENT=@@CHARACTER_SET_CLIENT */;
/*!40101 SET @OLD_CHARACTER_SET_RESULTS=@@CHARACTER_SET_RESULTS */;
/*!40101 SET @OLD_COLLATION_CONNECTION=@@COLLATION_CONNECTION */;
/*!40101 SET NAMES utf8 */;

--
-- Database: `transamovil`
--

-- --------------------------------------------------------

--
-- Table structure for table `accesos`
--

CREATE TABLE `accesos` (
  `id` int(10) unsigned NOT NULL AUTO_INCREMENT,
  `computadora_id` int(10) unsigned NOT NULL,
  `ip_address` varchar(45) COLLATE utf8_unicode_ci NOT NULL,
  `created_at` timestamp NOT NULL DEFAULT '0000-00-00 00:00:00',
  `updated_at` timestamp NOT NULL DEFAULT '0000-00-00 00:00:00',
  PRIMARY KEY (`id`),
  KEY `accesos_computadora_id_foreign` (`computadora_id`)
) ENGINE=InnoDB DEFAULT CHARSET=utf8 COLLATE=utf8_unicode_ci AUTO_INCREMENT=1 ;

-- --------------------------------------------------------

--
-- Table structure for table `afiliaciones`
--

CREATE TABLE `afiliaciones` (
  `id` int(10) unsigned NOT NULL AUTO_INCREMENT,
  `usuario_id` int(10) unsigned NOT NULL,
  `servicio_id` int(10) unsigned NOT NULL,
  `numero` varchar(100) COLLATE utf8_unicode_ci NOT NULL,
  `alias` varchar(100) COLLATE utf8_unicode_ci NOT NULL,
  `created_at` timestamp NOT NULL DEFAULT '0000-00-00 00:00:00',
  `updated_at` timestamp NOT NULL DEFAULT '0000-00-00 00:00:00',
  `deleted_at` timestamp NULL DEFAULT NULL,
  PRIMARY KEY (`id`),
  KEY `afiliaciones_servicio_id_foreign` (`servicio_id`),
  KEY `afiliaciones_usuario_id_foreign` (`usuario_id`)
) ENGINE=InnoDB  DEFAULT CHARSET=utf8 COLLATE=utf8_unicode_ci AUTO_INCREMENT=2 ;

--
-- Dumping data for table `afiliaciones`
--

INSERT INTO `afiliaciones` (`id`, `usuario_id`, `servicio_id`, `numero`, `alias`, `created_at`, `updated_at`, `deleted_at`) VALUES
(1, 4, 1, '04126334018', 'Yo', '2013-11-06 19:10:52', '2013-11-06 19:10:52', NULL);

-- --------------------------------------------------------

--
-- Table structure for table `archivos`
--

CREATE TABLE `archivos` (
  `id` int(10) unsigned NOT NULL AUTO_INCREMENT,
  `basedir` varchar(255) COLLATE utf8_unicode_ci NOT NULL,
  `filename` varchar(255) COLLATE utf8_unicode_ci NOT NULL,
  `mime_type` varchar(255) COLLATE utf8_unicode_ci NOT NULL,
  `size` int(11) NOT NULL,
  `width` int(11) NOT NULL,
  `height` int(11) NOT NULL,
  `created_at` timestamp NOT NULL DEFAULT '0000-00-00 00:00:00',
  `updated_at` timestamp NOT NULL DEFAULT '0000-00-00 00:00:00',
  PRIMARY KEY (`id`)
) ENGINE=InnoDB DEFAULT CHARSET=utf8 COLLATE=utf8_unicode_ci AUTO_INCREMENT=1 ;

-- --------------------------------------------------------

--
-- Table structure for table `archivo_servicio`
--

CREATE TABLE `archivo_servicio` (
  `archivo_id` int(10) unsigned NOT NULL,
  `servicio_id` int(10) unsigned NOT NULL,
  `label` varchar(100) COLLATE utf8_unicode_ci NOT NULL,
  PRIMARY KEY (`archivo_id`,`servicio_id`),
  KEY `archivo_servicio_servicio_id_foreign` (`servicio_id`)
) ENGINE=InnoDB DEFAULT CHARSET=utf8 COLLATE=utf8_unicode_ci;

-- --------------------------------------------------------

--
-- Table structure for table `archivo_usuario`
--

CREATE TABLE `archivo_usuario` (
  `archivo_id` int(10) unsigned NOT NULL,
  `usuario_id` int(10) unsigned NOT NULL,
  `label` varchar(100) COLLATE utf8_unicode_ci NOT NULL,
  PRIMARY KEY (`archivo_id`,`usuario_id`),
  KEY `archivo_usuario_usuario_id_foreign` (`usuario_id`)
) ENGINE=InnoDB DEFAULT CHARSET=utf8 COLLATE=utf8_unicode_ci;

-- --------------------------------------------------------

--
-- Table structure for table `bancos`
--

CREATE TABLE `bancos` (
  `id` int(10) unsigned NOT NULL AUTO_INCREMENT,
  `nombre` varchar(200) COLLATE utf8_unicode_ci NOT NULL,
  `created_at` timestamp NOT NULL DEFAULT '0000-00-00 00:00:00',
  `updated_at` timestamp NOT NULL DEFAULT '0000-00-00 00:00:00',
  PRIMARY KEY (`id`)
) ENGINE=InnoDB  DEFAULT CHARSET=utf8 COLLATE=utf8_unicode_ci AUTO_INCREMENT=73 ;

--
-- Dumping data for table `bancos`
--

INSERT INTO `bancos` (`id`, `nombre`, `created_at`, `updated_at`) VALUES
(1, '100% Banco', '2013-10-23 05:08:13', '2013-10-23 05:08:13'),
(2, 'BanCaribe', '2013-10-23 05:08:13', '2013-10-23 05:08:13'),
(3, 'Banco Activo', '2013-10-23 05:08:13', '2013-10-23 05:08:13'),
(4, 'Banco Agrícola de Venezuela', '2013-10-23 05:08:13', '2013-10-23 05:08:13'),
(5, 'Banco Caroní', '2013-10-23 05:08:13', '2013-10-23 05:08:13'),
(6, 'Banco de Venezuela', '2013-10-23 05:08:13', '2013-10-23 05:08:13'),
(7, 'Banco del Tesoro', '2013-10-23 05:08:13', '2013-10-23 05:08:13'),
(8, 'Banco Espírito Santo', '2013-10-23 05:08:13', '2013-10-23 05:08:13'),
(9, 'Banco Exterior', '2013-10-23 05:08:13', '2013-10-23 05:08:13'),
(10, 'Banco Guayana', '2013-10-23 05:08:13', '2013-10-23 05:08:13'),
(11, 'Banco Internacional de desarrollo C.A.', '2013-10-23 05:08:13', '2013-10-23 05:08:13'),
(12, 'Banco Mercantil', '2013-10-23 05:08:13', '2013-10-23 05:08:13'),
(13, 'Banco Nacional de Crédito', '2013-10-23 05:08:13', '2013-10-23 05:08:13'),
(14, 'Banco Occidental de Descuento', '2013-10-23 05:08:13', '2013-10-23 05:08:13'),
(15, 'Banco Plaza', '2013-10-23 05:08:13', '2013-10-23 05:08:13'),
(16, 'Banco Sofitasa', '2013-10-23 05:08:13', '2013-10-23 05:08:13'),
(17, 'Bancrecer SA', '2013-10-23 05:08:13', '2013-10-23 05:08:13'),
(18, 'Banesco', '2013-10-23 05:08:13', '2013-10-23 05:08:13'),
(19, 'Bangente', '2013-10-23 05:08:13', '2013-10-23 05:08:13'),
(20, 'Banplus', '2013-10-23 05:08:13', '2013-10-23 05:08:13'),
(21, 'BBVA Banco Provincial', '2013-10-23 05:08:13', '2013-10-23 05:08:13'),
(22, 'BFC Banco Fondo Común', '2013-10-23 05:08:13', '2013-10-23 05:08:13'),
(23, 'Citibank', '2013-10-23 05:08:13', '2013-10-23 05:08:13'),
(24, 'Corp Banca C.A.', '2013-10-23 05:08:13', '2013-10-23 05:08:13'),
(25, '100% Banco', '2013-12-04 22:15:09', '2013-12-04 22:15:09'),
(26, 'BanCaribe', '2013-12-04 22:15:09', '2013-12-04 22:15:09'),
(27, 'Banco Activo', '2013-12-04 22:15:09', '2013-12-04 22:15:09'),
(28, 'Banco Agrícola de Venezuela', '2013-12-04 22:15:09', '2013-12-04 22:15:09'),
(29, 'Banco Caroní', '2013-12-04 22:15:09', '2013-12-04 22:15:09'),
(30, 'Banco de Venezuela', '2013-12-04 22:15:09', '2013-12-04 22:15:09'),
(31, 'Banco del Tesoro', '2013-12-04 22:15:09', '2013-12-04 22:15:09'),
(32, 'Banco Espírito Santo', '2013-12-04 22:15:09', '2013-12-04 22:15:09'),
(33, 'Banco Exterior', '2013-12-04 22:15:09', '2013-12-04 22:15:09'),
(34, 'Banco Guayana', '2013-12-04 22:15:09', '2013-12-04 22:15:09'),
(35, 'Banco Internacional de desarrollo C.A.', '2013-12-04 22:15:09', '2013-12-04 22:15:09'),
(36, 'Banco Mercantil', '2013-12-04 22:15:09', '2013-12-04 22:15:09'),
(37, 'Banco Nacional de Crédito', '2013-12-04 22:15:09', '2013-12-04 22:15:09'),
(38, 'Banco Occidental de Descuento', '2013-12-04 22:15:09', '2013-12-04 22:15:09'),
(39, 'Banco Plaza', '2013-12-04 22:15:09', '2013-12-04 22:15:09'),
(40, 'Banco Sofitasa', '2013-12-04 22:15:09', '2013-12-04 22:15:09'),
(41, 'Bancrecer SA', '2013-12-04 22:15:09', '2013-12-04 22:15:09'),
(42, 'Banesco', '2013-12-04 22:15:09', '2013-12-04 22:15:09'),
(43, 'Bangente', '2013-12-04 22:15:09', '2013-12-04 22:15:09'),
(44, 'Banplus', '2013-12-04 22:15:09', '2013-12-04 22:15:09'),
(45, 'BBVA Banco Provincial', '2013-12-04 22:15:09', '2013-12-04 22:15:09'),
(46, 'BFC Banco Fondo Común', '2013-12-04 22:15:09', '2013-12-04 22:15:09'),
(47, 'Citibank', '2013-12-04 22:15:09', '2013-12-04 22:15:09'),
(48, 'Corp Banca C.A.', '2013-12-04 22:15:09', '2013-12-04 22:15:09'),
(49, '100% Banco', '2013-12-05 00:29:13', '2013-12-05 00:29:13'),
(50, 'BanCaribe', '2013-12-05 00:29:13', '2013-12-05 00:29:13'),
(51, 'Banco Activo', '2013-12-05 00:29:13', '2013-12-05 00:29:13'),
(52, 'Banco Agrícola de Venezuela', '2013-12-05 00:29:13', '2013-12-05 00:29:13'),
(53, 'Banco Caroní', '2013-12-05 00:29:13', '2013-12-05 00:29:13'),
(54, 'Banco de Venezuela', '2013-12-05 00:29:13', '2013-12-05 00:29:13'),
(55, 'Banco del Tesoro', '2013-12-05 00:29:13', '2013-12-05 00:29:13'),
(56, 'Banco Espírito Santo', '2013-12-05 00:29:13', '2013-12-05 00:29:13'),
(57, 'Banco Exterior', '2013-12-05 00:29:13', '2013-12-05 00:29:13'),
(58, 'Banco Guayana', '2013-12-05 00:29:13', '2013-12-05 00:29:13'),
(59, 'Banco Internacional de desarrollo C.A.', '2013-12-05 00:29:13', '2013-12-05 00:29:13'),
(60, 'Banco Mercantil', '2013-12-05 00:29:13', '2013-12-05 00:29:13'),
(61, 'Banco Nacional de Crédito', '2013-12-05 00:29:13', '2013-12-05 00:29:13'),
(62, 'Banco Occidental de Descuento', '2013-12-05 00:29:13', '2013-12-05 00:29:13'),
(63, 'Banco Plaza', '2013-12-05 00:29:13', '2013-12-05 00:29:13'),
(64, 'Banco Sofitasa', '2013-12-05 00:29:13', '2013-12-05 00:29:13'),
(65, 'Bancrecer SA', '2013-12-05 00:29:13', '2013-12-05 00:29:13'),
(66, 'Banesco', '2013-12-05 00:29:13', '2013-12-05 00:29:13'),
(67, 'Bangente', '2013-12-05 00:29:13', '2013-12-05 00:29:13'),
(68, 'Banplus', '2013-12-05 00:29:13', '2013-12-05 00:29:13'),
(69, 'BBVA Banco Provincial', '2013-12-05 00:29:13', '2013-12-05 00:29:13'),
(70, 'BFC Banco Fondo Común', '2013-12-05 00:29:13', '2013-12-05 00:29:13'),
(71, 'Citibank', '2013-12-05 00:29:13', '2013-12-05 00:29:13'),
(72, 'Corp Banca C.A.', '2013-12-05 00:29:13', '2013-12-05 00:29:13');

-- --------------------------------------------------------

--
-- Table structure for table `campos_laborales`
--

CREATE TABLE `campos_laborales` (
  `id` int(10) unsigned NOT NULL AUTO_INCREMENT,
  `nombre` varchar(255) COLLATE utf8_unicode_ci NOT NULL,
  `created_at` timestamp NOT NULL DEFAULT '0000-00-00 00:00:00',
  `updated_at` timestamp NOT NULL DEFAULT '0000-00-00 00:00:00',
  PRIMARY KEY (`id`)
) ENGINE=InnoDB  DEFAULT CHARSET=utf8 COLLATE=utf8_unicode_ci AUTO_INCREMENT=139 ;

--
-- Dumping data for table `campos_laborales`
--

INSERT INTO `campos_laborales` (`id`, `nombre`, `created_at`, `updated_at`) VALUES
(1, 'Aeronaves/Astilleros', '2013-10-23 05:08:13', '2013-10-23 05:08:13'),
(2, 'Agrícola/Ganadería', '2013-10-23 05:08:13', '2013-10-23 05:08:13'),
(3, 'Agroindustria', '2013-10-23 05:08:13', '2013-10-23 05:08:13'),
(4, 'Aguas/Obras Sanitarias', '2013-10-23 05:08:13', '2013-10-23 05:08:13'),
(5, 'Arquitectura/Diseño/Decoración', '2013-10-23 05:08:13', '2013-10-23 05:08:13'),
(6, 'Automotriz', '2013-10-23 05:08:13', '2013-10-23 05:08:13'),
(7, 'Banca y Servicios Financieros', '2013-10-23 05:08:13', '2013-10-23 05:08:13'),
(8, 'Comercio Mayorista', '2013-10-23 05:08:13', '2013-10-23 05:08:13'),
(9, 'Comercio Minorista', '2013-10-23 05:08:13', '2013-10-23 05:08:13'),
(10, 'Construcción', '2013-10-23 05:08:13', '2013-10-23 05:08:13'),
(11, 'Consultoría/Asesoría', '2013-10-23 05:08:13', '2013-10-23 05:08:13'),
(12, 'Consumo Masivo', '2013-10-23 05:08:13', '2013-10-23 05:08:13'),
(13, 'Defensa', '2013-10-23 05:08:13', '2013-10-23 05:08:13'),
(14, 'Educación/Capacitación', '2013-10-23 05:08:13', '2013-10-23 05:08:13'),
(15, 'Energía (Gas, Petróleo, Electricidad)', '2013-10-23 05:08:13', '2013-10-23 05:08:13'),
(16, 'Entretenimiento', '2013-10-23 05:08:13', '2013-10-23 05:08:13'),
(17, 'Exportación/Importación', '2013-10-23 05:08:13', '2013-10-23 05:08:13'),
(18, 'Farmacéutica', '2013-10-23 05:08:13', '2013-10-23 05:08:13'),
(19, 'Forestal/Papel/Celulosa', '2013-10-23 05:08:13', '2013-10-23 05:08:13'),
(20, 'Gobierno', '2013-10-23 05:08:13', '2013-10-23 05:08:13'),
(21, 'Hotelería/Turismo/Restaurantes', '2013-10-23 05:08:13', '2013-10-23 05:08:13'),
(22, 'Imprenta/Editoriales', '2013-10-23 05:08:13', '2013-10-23 05:08:13'),
(23, 'Informática/Tecnología', '2013-10-23 05:08:13', '2013-10-23 05:08:13'),
(24, 'Inmobiliaria', '2013-10-23 05:08:13', '2013-10-23 05:08:13'),
(25, 'Internet', '2013-10-23 05:08:13', '2013-10-23 05:08:13'),
(26, 'Inversiones (Sociedades/Holdings)', '2013-10-23 05:08:13', '2013-10-23 05:08:13'),
(27, 'Jurídica', '2013-10-23 05:08:13', '2013-10-23 05:08:13'),
(28, 'Logística/Distribución', '2013-10-23 05:08:13', '2013-10-23 05:08:13'),
(29, 'Manufactura', '2013-10-23 05:08:13', '2013-10-23 05:08:13'),
(30, 'Materiales de Construcción', '2013-10-23 05:08:13', '2013-10-23 05:08:13'),
(31, 'Medios de Comunicación', '2013-10-23 05:08:13', '2013-10-23 05:08:13'),
(32, 'Metalmecánica y Siderurgia', '2013-10-23 05:08:13', '2013-10-23 05:08:13'),
(33, 'Minería', '2013-10-23 05:08:13', '2013-10-23 05:08:13'),
(34, 'Navieras', '2013-10-23 05:08:13', '2013-10-23 05:08:13'),
(35, 'Organizaciones sin fines de lucro', '2013-10-23 05:08:13', '2013-10-23 05:08:13'),
(36, 'Otra', '2013-10-23 05:08:13', '2013-10-23 05:08:13'),
(37, 'Pesquera/Cultivos Marinos', '2013-10-23 05:08:13', '2013-10-23 05:08:13'),
(38, 'Publicidad/Marketing/RRPP', '2013-10-23 05:08:13', '2013-10-23 05:08:13'),
(39, 'Química', '2013-10-23 05:08:13', '2013-10-23 05:08:13'),
(40, 'Recursos Humanos', '2013-10-23 05:08:13', '2013-10-23 05:08:13'),
(41, 'Salud', '2013-10-23 05:08:13', '2013-10-23 05:08:13'),
(42, 'Seguros/Previsión', '2013-10-23 05:08:13', '2013-10-23 05:08:13'),
(43, 'Servicios Varios', '2013-10-23 05:08:13', '2013-10-23 05:08:13'),
(44, 'Telecomunicaciones', '2013-10-23 05:08:13', '2013-10-23 05:08:13'),
(45, 'Textil/Confección', '2013-10-23 05:08:13', '2013-10-23 05:08:13'),
(46, 'Transporte', '2013-10-23 05:08:13', '2013-10-23 05:08:13'),
(47, 'Aeronaves/Astilleros', '2013-12-04 22:15:10', '2013-12-04 22:15:10'),
(48, 'Agrícola/Ganadería', '2013-12-04 22:15:10', '2013-12-04 22:15:10'),
(49, 'Agroindustria', '2013-12-04 22:15:10', '2013-12-04 22:15:10'),
(50, 'Aguas/Obras Sanitarias', '2013-12-04 22:15:10', '2013-12-04 22:15:10'),
(51, 'Arquitectura/Diseño/Decoración', '2013-12-04 22:15:10', '2013-12-04 22:15:10'),
(52, 'Automotriz', '2013-12-04 22:15:10', '2013-12-04 22:15:10'),
(53, 'Banca y Servicios Financieros', '2013-12-04 22:15:10', '2013-12-04 22:15:10'),
(54, 'Comercio Mayorista', '2013-12-04 22:15:10', '2013-12-04 22:15:10'),
(55, 'Comercio Minorista', '2013-12-04 22:15:10', '2013-12-04 22:15:10'),
(56, 'Construcción', '2013-12-04 22:15:10', '2013-12-04 22:15:10'),
(57, 'Consultoría/Asesoría', '2013-12-04 22:15:10', '2013-12-04 22:15:10'),
(58, 'Consumo Masivo', '2013-12-04 22:15:10', '2013-12-04 22:15:10'),
(59, 'Defensa', '2013-12-04 22:15:10', '2013-12-04 22:15:10'),
(60, 'Educación/Capacitación', '2013-12-04 22:15:10', '2013-12-04 22:15:10'),
(61, 'Energía (Gas, Petróleo, Electricidad)', '2013-12-04 22:15:10', '2013-12-04 22:15:10'),
(62, 'Entretenimiento', '2013-12-04 22:15:10', '2013-12-04 22:15:10'),
(63, 'Exportación/Importación', '2013-12-04 22:15:10', '2013-12-04 22:15:10'),
(64, 'Farmacéutica', '2013-12-04 22:15:10', '2013-12-04 22:15:10'),
(65, 'Forestal/Papel/Celulosa', '2013-12-04 22:15:10', '2013-12-04 22:15:10'),
(66, 'Gobierno', '2013-12-04 22:15:10', '2013-12-04 22:15:10'),
(67, 'Hotelería/Turismo/Restaurantes', '2013-12-04 22:15:10', '2013-12-04 22:15:10'),
(68, 'Imprenta/Editoriales', '2013-12-04 22:15:10', '2013-12-04 22:15:10'),
(69, 'Informática/Tecnología', '2013-12-04 22:15:10', '2013-12-04 22:15:10'),
(70, 'Inmobiliaria', '2013-12-04 22:15:10', '2013-12-04 22:15:10'),
(71, 'Internet', '2013-12-04 22:15:10', '2013-12-04 22:15:10'),
(72, 'Inversiones (Sociedades/Holdings)', '2013-12-04 22:15:10', '2013-12-04 22:15:10'),
(73, 'Jurídica', '2013-12-04 22:15:10', '2013-12-04 22:15:10'),
(74, 'Logística/Distribución', '2013-12-04 22:15:10', '2013-12-04 22:15:10'),
(75, 'Manufactura', '2013-12-04 22:15:10', '2013-12-04 22:15:10'),
(76, 'Materiales de Construcción', '2013-12-04 22:15:10', '2013-12-04 22:15:10'),
(77, 'Medios de Comunicación', '2013-12-04 22:15:10', '2013-12-04 22:15:10'),
(78, 'Metalmecánica y Siderurgia', '2013-12-04 22:15:10', '2013-12-04 22:15:10'),
(79, 'Minería', '2013-12-04 22:15:10', '2013-12-04 22:15:10'),
(80, 'Navieras', '2013-12-04 22:15:10', '2013-12-04 22:15:10'),
(81, 'Organizaciones sin fines de lucro', '2013-12-04 22:15:10', '2013-12-04 22:15:10'),
(82, 'Otra', '2013-12-04 22:15:10', '2013-12-04 22:15:10'),
(83, 'Pesquera/Cultivos Marinos', '2013-12-04 22:15:10', '2013-12-04 22:15:10'),
(84, 'Publicidad/Marketing/RRPP', '2013-12-04 22:15:10', '2013-12-04 22:15:10'),
(85, 'Química', '2013-12-04 22:15:10', '2013-12-04 22:15:10'),
(86, 'Recursos Humanos', '2013-12-04 22:15:10', '2013-12-04 22:15:10'),
(87, 'Salud', '2013-12-04 22:15:10', '2013-12-04 22:15:10'),
(88, 'Seguros/Previsión', '2013-12-04 22:15:10', '2013-12-04 22:15:10'),
(89, 'Servicios Varios', '2013-12-04 22:15:10', '2013-12-04 22:15:10'),
(90, 'Telecomunicaciones', '2013-12-04 22:15:10', '2013-12-04 22:15:10'),
(91, 'Textil/Confección', '2013-12-04 22:15:10', '2013-12-04 22:15:10'),
(92, 'Transporte', '2013-12-04 22:15:10', '2013-12-04 22:15:10'),
(93, 'Aeronaves/Astilleros', '2013-12-05 00:29:13', '2013-12-05 00:29:13'),
(94, 'Agrícola/Ganadería', '2013-12-05 00:29:13', '2013-12-05 00:29:13'),
(95, 'Agroindustria', '2013-12-05 00:29:13', '2013-12-05 00:29:13'),
(96, 'Aguas/Obras Sanitarias', '2013-12-05 00:29:13', '2013-12-05 00:29:13'),
(97, 'Arquitectura/Diseño/Decoración', '2013-12-05 00:29:13', '2013-12-05 00:29:13'),
(98, 'Automotriz', '2013-12-05 00:29:13', '2013-12-05 00:29:13'),
(99, 'Banca y Servicios Financieros', '2013-12-05 00:29:13', '2013-12-05 00:29:13'),
(100, 'Comercio Mayorista', '2013-12-05 00:29:13', '2013-12-05 00:29:13'),
(101, 'Comercio Minorista', '2013-12-05 00:29:13', '2013-12-05 00:29:13'),
(102, 'Construcción', '2013-12-05 00:29:13', '2013-12-05 00:29:13'),
(103, 'Consultoría/Asesoría', '2013-12-05 00:29:13', '2013-12-05 00:29:13'),
(104, 'Consumo Masivo', '2013-12-05 00:29:13', '2013-12-05 00:29:13'),
(105, 'Defensa', '2013-12-05 00:29:13', '2013-12-05 00:29:13'),
(106, 'Educación/Capacitación', '2013-12-05 00:29:13', '2013-12-05 00:29:13'),
(107, 'Energía (Gas, Petróleo, Electricidad)', '2013-12-05 00:29:13', '2013-12-05 00:29:13'),
(108, 'Entretenimiento', '2013-12-05 00:29:13', '2013-12-05 00:29:13'),
(109, 'Exportación/Importación', '2013-12-05 00:29:13', '2013-12-05 00:29:13'),
(110, 'Farmacéutica', '2013-12-05 00:29:13', '2013-12-05 00:29:13'),
(111, 'Forestal/Papel/Celulosa', '2013-12-05 00:29:13', '2013-12-05 00:29:13'),
(112, 'Gobierno', '2013-12-05 00:29:13', '2013-12-05 00:29:13'),
(113, 'Hotelería/Turismo/Restaurantes', '2013-12-05 00:29:13', '2013-12-05 00:29:13'),
(114, 'Imprenta/Editoriales', '2013-12-05 00:29:13', '2013-12-05 00:29:13'),
(115, 'Informática/Tecnología', '2013-12-05 00:29:13', '2013-12-05 00:29:13'),
(116, 'Inmobiliaria', '2013-12-05 00:29:13', '2013-12-05 00:29:13'),
(117, 'Internet', '2013-12-05 00:29:13', '2013-12-05 00:29:13'),
(118, 'Inversiones (Sociedades/Holdings)', '2013-12-05 00:29:13', '2013-12-05 00:29:13'),
(119, 'Jurídica', '2013-12-05 00:29:13', '2013-12-05 00:29:13'),
(120, 'Logística/Distribución', '2013-12-05 00:29:13', '2013-12-05 00:29:13'),
(121, 'Manufactura', '2013-12-05 00:29:13', '2013-12-05 00:29:13'),
(122, 'Materiales de Construcción', '2013-12-05 00:29:13', '2013-12-05 00:29:13'),
(123, 'Medios de Comunicación', '2013-12-05 00:29:13', '2013-12-05 00:29:13'),
(124, 'Metalmecánica y Siderurgia', '2013-12-05 00:29:13', '2013-12-05 00:29:13'),
(125, 'Minería', '2013-12-05 00:29:13', '2013-12-05 00:29:13'),
(126, 'Navieras', '2013-12-05 00:29:13', '2013-12-05 00:29:13'),
(127, 'Organizaciones sin fines de lucro', '2013-12-05 00:29:13', '2013-12-05 00:29:13'),
(128, 'Otra', '2013-12-05 00:29:13', '2013-12-05 00:29:13'),
(129, 'Pesquera/Cultivos Marinos', '2013-12-05 00:29:13', '2013-12-05 00:29:13'),
(130, 'Publicidad/Marketing/RRPP', '2013-12-05 00:29:13', '2013-12-05 00:29:13'),
(131, 'Química', '2013-12-05 00:29:13', '2013-12-05 00:29:13'),
(132, 'Recursos Humanos', '2013-12-05 00:29:13', '2013-12-05 00:29:13'),
(133, 'Salud', '2013-12-05 00:29:13', '2013-12-05 00:29:13'),
(134, 'Seguros/Previsión', '2013-12-05 00:29:13', '2013-12-05 00:29:13'),
(135, 'Servicios Varios', '2013-12-05 00:29:13', '2013-12-05 00:29:13'),
(136, 'Telecomunicaciones', '2013-12-05 00:29:13', '2013-12-05 00:29:13'),
(137, 'Textil/Confección', '2013-12-05 00:29:13', '2013-12-05 00:29:13'),
(138, 'Transporte', '2013-12-05 00:29:13', '2013-12-05 00:29:13');

-- --------------------------------------------------------

--
-- Table structure for table `ciudades`
--

CREATE TABLE `ciudades` (
  `id` int(10) unsigned NOT NULL AUTO_INCREMENT,
  `nombre` varchar(200) COLLATE utf8_unicode_ci NOT NULL,
  `estado_id` int(10) unsigned NOT NULL,
  `created_at` timestamp NOT NULL DEFAULT '0000-00-00 00:00:00',
  `updated_at` timestamp NOT NULL DEFAULT '0000-00-00 00:00:00',
  PRIMARY KEY (`id`),
  KEY `ciudades_estado_id_foreign` (`estado_id`)
) ENGINE=InnoDB  DEFAULT CHARSET=utf8 COLLATE=utf8_unicode_ci AUTO_INCREMENT=523 ;

--
-- Dumping data for table `ciudades`
--

INSERT INTO `ciudades` (`id`, `nombre`, `estado_id`, `created_at`, `updated_at`) VALUES
(1, 'Maroa', 1, '2013-12-05 00:29:14', '2013-12-05 00:29:14'),
(2, 'Puerto Ayacucho', 1, '2013-12-05 00:29:14', '2013-12-05 00:29:14'),
(3, 'San Fernando De Atabapo', 1, '2013-12-05 00:29:14', '2013-12-05 00:29:14'),
(4, 'Anaco', 2, '2013-12-05 00:29:14', '2013-12-05 00:29:14'),
(5, 'Aragua De Barcelona', 2, '2013-12-05 00:29:14', '2013-12-05 00:29:14'),
(6, 'Barcelona', 2, '2013-12-05 00:29:14', '2013-12-05 00:29:14'),
(7, 'Boca De Uchire', 2, '2013-12-05 00:29:14', '2013-12-05 00:29:14'),
(8, 'Cantaura', 2, '2013-12-05 00:29:14', '2013-12-05 00:29:14'),
(9, 'Clarines', 2, '2013-12-05 00:29:14', '2013-12-05 00:29:14'),
(10, 'El Chaparro', 2, '2013-12-05 00:29:14', '2013-12-05 00:29:14'),
(11, 'El Pao Anzoategui', 2, '2013-12-05 00:29:14', '2013-12-05 00:29:14'),
(12, 'El Tigre', 2, '2013-12-05 00:29:14', '2013-12-05 00:29:14'),
(13, 'El Tigrito', 2, '2013-12-05 00:29:14', '2013-12-05 00:29:14'),
(14, 'Guanape', 2, '2013-12-05 00:29:14', '2013-12-05 00:29:14'),
(15, 'Guanta', 2, '2013-12-05 00:29:14', '2013-12-05 00:29:14'),
(16, 'Lecheria', 2, '2013-12-05 00:29:14', '2013-12-05 00:29:14'),
(17, 'Onoto', 2, '2013-12-05 00:29:14', '2013-12-05 00:29:14'),
(18, 'Pariaguan', 2, '2013-12-05 00:29:14', '2013-12-05 00:29:14'),
(19, 'Piritu', 2, '2013-12-05 00:29:14', '2013-12-05 00:29:14'),
(20, 'Puerto La Cruz', 2, '2013-12-05 00:29:14', '2013-12-05 00:29:14'),
(21, 'Puerto Piritu', 2, '2013-12-05 00:29:14', '2013-12-05 00:29:14'),
(22, 'Sabana De Uchire', 2, '2013-12-05 00:29:14', '2013-12-05 00:29:14'),
(23, 'San Mateo Anzoategui', 2, '2013-12-05 00:29:14', '2013-12-05 00:29:14'),
(24, 'San Pablo Anzoategui', 2, '2013-12-05 00:29:14', '2013-12-05 00:29:14'),
(25, 'San Tome', 2, '2013-12-05 00:29:14', '2013-12-05 00:29:14'),
(26, 'Santa Ana De Anzoategui', 2, '2013-12-05 00:29:14', '2013-12-05 00:29:14'),
(27, 'Santa Fe Anzoategui', 2, '2013-12-05 00:29:14', '2013-12-05 00:29:14'),
(28, 'Santa Rosa', 2, '2013-12-05 00:29:14', '2013-12-05 00:29:14'),
(29, 'Soledad', 2, '2013-12-05 00:29:14', '2013-12-05 00:29:14'),
(30, 'Urica', 2, '2013-12-05 00:29:14', '2013-12-05 00:29:14'),
(31, 'Valle De Guanape', 2, '2013-12-05 00:29:14', '2013-12-05 00:29:14'),
(43, 'Achaguas', 3, '2013-12-05 00:29:14', '2013-12-05 00:29:14'),
(44, 'Biruaca', 3, '2013-12-05 00:29:14', '2013-12-05 00:29:14'),
(45, 'Bruzual', 3, '2013-12-05 00:29:14', '2013-12-05 00:29:14'),
(46, 'El Amparo', 3, '2013-12-05 00:29:14', '2013-12-05 00:29:14'),
(47, 'El Nula', 3, '2013-12-05 00:29:14', '2013-12-05 00:29:14'),
(48, 'Elorza', 3, '2013-12-05 00:29:14', '2013-12-05 00:29:14'),
(49, 'Guasdualito', 3, '2013-12-05 00:29:14', '2013-12-05 00:29:14'),
(50, 'Mantecal', 3, '2013-12-05 00:29:14', '2013-12-05 00:29:14'),
(51, 'Puerto Paez', 3, '2013-12-05 00:29:14', '2013-12-05 00:29:14'),
(52, 'San Fernando De Apure', 3, '2013-12-05 00:29:14', '2013-12-05 00:29:14'),
(53, 'San Juan De Payara', 3, '2013-12-05 00:29:14', '2013-12-05 00:29:14'),
(54, 'Barbacoas', 4, '2013-12-05 00:29:14', '2013-12-05 00:29:14'),
(55, 'Cagua', 4, '2013-12-05 00:29:14', '2013-12-05 00:29:14'),
(56, 'Camatagua', 4, '2013-12-05 00:29:14', '2013-12-05 00:29:14'),
(58, 'Choroni', 4, '2013-12-05 00:29:14', '2013-12-05 00:29:14'),
(59, 'Colonia Tovar', 4, '2013-12-05 00:29:14', '2013-12-05 00:29:14'),
(60, 'El Consejo', 4, '2013-12-05 00:29:14', '2013-12-05 00:29:14'),
(61, 'La Victoria', 4, '2013-12-05 00:29:14', '2013-12-05 00:29:14'),
(62, 'Las Tejerias', 4, '2013-12-05 00:29:14', '2013-12-05 00:29:14'),
(63, 'Magdaleno', 4, '2013-12-05 00:29:14', '2013-12-05 00:29:14'),
(64, 'Maracay', 4, '2013-12-05 00:29:14', '2013-12-05 00:29:14'),
(65, 'Ocumare De La Costa', 4, '2013-12-05 00:29:14', '2013-12-05 00:29:14'),
(66, 'Palo Negro', 4, '2013-12-05 00:29:14', '2013-12-05 00:29:14'),
(67, 'San Casimiro', 4, '2013-12-05 00:29:14', '2013-12-05 00:29:14'),
(68, 'San Mateo', 4, '2013-12-05 00:29:14', '2013-12-05 00:29:14'),
(69, 'San Sebastian', 4, '2013-12-05 00:29:14', '2013-12-05 00:29:14'),
(70, 'Santa Cruz De Aragua', 4, '2013-12-05 00:29:14', '2013-12-05 00:29:14'),
(71, 'Tocoron', 4, '2013-12-05 00:29:14', '2013-12-05 00:29:14'),
(72, 'Turmero', 4, '2013-12-05 00:29:14', '2013-12-05 00:29:14'),
(73, 'Villa De Cura', 4, '2013-12-05 00:29:14', '2013-12-05 00:29:14'),
(74, 'Zuata', 4, '2013-12-05 00:29:14', '2013-12-05 00:29:14'),
(75, 'Barinas', 5, '2013-12-05 00:29:14', '2013-12-05 00:29:14'),
(76, 'Barinitas', 5, '2013-12-05 00:29:14', '2013-12-05 00:29:14'),
(77, 'Barrancas', 5, '2013-12-05 00:29:14', '2013-12-05 00:29:14'),
(78, 'Calderas', 5, '2013-12-05 00:29:14', '2013-12-05 00:29:14'),
(79, 'Capitanejo', 5, '2013-12-05 00:29:14', '2013-12-05 00:29:14'),
(80, 'Ciudad Bolivia', 5, '2013-12-05 00:29:14', '2013-12-05 00:29:14'),
(81, 'El Canton', 5, '2013-12-05 00:29:14', '2013-12-05 00:29:14'),
(82, 'Las Veguitas', 5, '2013-12-05 00:29:14', '2013-12-05 00:29:14'),
(83, 'Libertad Barinas', 5, '2013-12-05 00:29:14', '2013-12-05 00:29:14'),
(84, 'Sabaneta', 5, '2013-12-05 00:29:14', '2013-12-05 00:29:14'),
(85, 'Santa Barbara De Barinas', 5, '2013-12-05 00:29:14', '2013-12-05 00:29:14'),
(86, 'Socopo', 5, '2013-12-05 00:29:14', '2013-12-05 00:29:14'),
(87, 'Caicara Del Orinoco', 6, '2013-12-05 00:29:14', '2013-12-05 00:29:14'),
(88, 'Canaima', 6, '2013-12-05 00:29:14', '2013-12-05 00:29:14'),
(89, 'Ciudad Bolivar', 6, '2013-12-05 00:29:14', '2013-12-05 00:29:14'),
(90, 'Ciudad Piar', 6, '2013-12-05 00:29:14', '2013-12-05 00:29:14'),
(91, 'El Callao', 6, '2013-12-05 00:29:14', '2013-12-05 00:29:14'),
(92, 'El Dorado', 6, '2013-12-05 00:29:14', '2013-12-05 00:29:14'),
(93, 'El Manteco', 6, '2013-12-05 00:29:14', '2013-12-05 00:29:14'),
(94, 'El Palmar Bolivar', 6, '2013-12-05 00:29:14', '2013-12-05 00:29:14'),
(95, 'El Pao Bolivar', 6, '2013-12-05 00:29:14', '2013-12-05 00:29:14'),
(96, 'Guasipati', 6, '2013-12-05 00:29:14', '2013-12-05 00:29:14'),
(97, 'Guri', 6, '2013-12-05 00:29:14', '2013-12-05 00:29:14'),
(98, 'La Paragua', 6, '2013-12-05 00:29:14', '2013-12-05 00:29:14'),
(99, 'Matanzas', 6, '2013-12-05 00:29:14', '2013-12-05 00:29:14'),
(100, 'Puerto Ordaz', 6, '2013-12-05 00:29:14', '2013-12-05 00:29:14'),
(101, 'San Felix', 6, '2013-12-05 00:29:14', '2013-12-05 00:29:14'),
(102, 'Santa Elena De Uairen', 6, '2013-12-05 00:29:14', '2013-12-05 00:29:14'),
(103, 'Tumeremo', 6, '2013-12-05 00:29:14', '2013-12-05 00:29:14'),
(104, 'Unare', 6, '2013-12-05 00:29:14', '2013-12-05 00:29:14'),
(105, 'Upata', 6, '2013-12-05 00:29:14', '2013-12-05 00:29:14'),
(106, 'Bejuma', 7, '2013-12-05 00:29:14', '2013-12-05 00:29:14'),
(107, 'Belen', 7, '2013-12-05 00:29:14', '2013-12-05 00:29:14'),
(108, 'Campo De Carabobo', 7, '2013-12-05 00:29:14', '2013-12-05 00:29:14'),
(109, 'Canoabo', 7, '2013-12-05 00:29:14', '2013-12-05 00:29:14'),
(110, 'Central Tacarigua', 7, '2013-12-05 00:29:14', '2013-12-05 00:29:14'),
(111, 'Chirgua', 7, '2013-12-05 00:29:14', '2013-12-05 00:29:14'),
(112, 'Ciudad Alianza', 7, '2013-12-05 00:29:14', '2013-12-05 00:29:14'),
(113, 'El Palito', 7, '2013-12-05 00:29:14', '2013-12-05 00:29:14'),
(114, 'Guacara', 7, '2013-12-05 00:29:14', '2013-12-05 00:29:14'),
(115, 'Guigue', 7, '2013-12-05 00:29:14', '2013-12-05 00:29:14'),
(116, 'Las Trincheras', 7, '2013-12-05 00:29:14', '2013-12-05 00:29:14'),
(117, 'Los Guayos', 7, '2013-12-05 00:29:14', '2013-12-05 00:29:14'),
(118, 'Mariara', 7, '2013-12-05 00:29:14', '2013-12-05 00:29:14'),
(119, 'Miranda', 7, '2013-12-05 00:29:14', '2013-12-05 00:29:14'),
(120, 'Montalban', 7, '2013-12-05 00:29:14', '2013-12-05 00:29:14'),
(121, 'Moron', 7, '2013-12-05 00:29:14', '2013-12-05 00:29:14'),
(122, 'Naguanagua', 7, '2013-12-05 00:29:14', '2013-12-05 00:29:14'),
(123, 'Puerto Cabello', 7, '2013-12-05 00:29:14', '2013-12-05 00:29:14'),
(124, 'San Joaquin', 7, '2013-12-05 00:29:14', '2013-12-05 00:29:14'),
(125, 'Tocuyito', 7, '2013-12-05 00:29:14', '2013-12-05 00:29:14'),
(126, 'Urama', 7, '2013-12-05 00:29:14', '2013-12-05 00:29:14'),
(127, 'Valencia', 7, '2013-12-05 00:29:14', '2013-12-05 00:29:14'),
(128, 'Vigirimita', 7, '2013-12-05 00:29:14', '2013-12-05 00:29:14'),
(129, 'Aguirre', 8, '2013-12-05 00:29:14', '2013-12-05 00:29:14'),
(130, 'Apartaderos Cojedes', 8, '2013-12-05 00:29:14', '2013-12-05 00:29:14'),
(131, 'Arismendi', 8, '2013-12-05 00:29:14', '2013-12-05 00:29:14'),
(132, 'Camuriquito', 8, '2013-12-05 00:29:14', '2013-12-05 00:29:14'),
(133, 'El Baul', 8, '2013-12-05 00:29:14', '2013-12-05 00:29:14'),
(134, 'El Limon', 8, '2013-12-05 00:29:14', '2013-12-05 00:29:14'),
(135, 'El Pao Cojedes', 8, '2013-12-05 00:29:14', '2013-12-05 00:29:14'),
(136, 'Hato El Socorro', 8, '2013-12-05 00:29:14', '2013-12-05 00:29:14'),
(137, 'La Aguadita', 8, '2013-12-05 00:29:14', '2013-12-05 00:29:14'),
(138, 'Las Vegas', 8, '2013-12-05 00:29:14', '2013-12-05 00:29:14'),
(139, 'Libertad Cojedes', 8, '2013-12-05 00:29:14', '2013-12-05 00:29:14'),
(140, 'Mapuey', 8, '2013-12-05 00:29:14', '2013-12-05 00:29:14'),
(141, 'Piñedo', 8, '2013-12-05 00:29:14', '2013-12-05 00:29:14'),
(142, 'Samancito', 8, '2013-12-05 00:29:14', '2013-12-05 00:29:14'),
(143, 'San Carlos', 8, '2013-12-05 00:29:14', '2013-12-05 00:29:14'),
(144, 'Sucre', 8, '2013-12-05 00:29:14', '2013-12-05 00:29:14'),
(145, 'Tinaco', 8, '2013-12-05 00:29:14', '2013-12-05 00:29:14'),
(146, 'Tinaquillo', 8, '2013-12-05 00:29:14', '2013-12-05 00:29:14'),
(147, 'Vallecito', 8, '2013-12-05 00:29:14', '2013-12-05 00:29:14'),
(148, 'Tucupita', 9, '2013-12-05 00:29:14', '2013-12-05 00:29:14'),
(149, 'Caracas', 24, '2013-12-05 00:29:14', '2013-12-05 00:29:14'),
(150, 'El Junquito', 24, '2013-12-05 00:29:14', '2013-12-05 00:29:14'),
(151, 'Adicora', 10, '2013-12-05 00:29:14', '2013-12-05 00:29:14'),
(152, 'Boca De Aroa', 10, '2013-12-05 00:29:14', '2013-12-05 00:29:14'),
(153, 'Cabure', 10, '2013-12-05 00:29:14', '2013-12-05 00:29:14'),
(154, 'Capadare', 10, '2013-12-05 00:29:14', '2013-12-05 00:29:14'),
(155, 'Capatarida', 10, '2013-12-05 00:29:14', '2013-12-05 00:29:14'),
(156, 'Chichiriviche', 10, '2013-12-05 00:29:14', '2013-12-05 00:29:14'),
(157, 'Churuguara', 10, '2013-12-05 00:29:14', '2013-12-05 00:29:14'),
(158, 'Coro', 10, '2013-12-05 00:29:14', '2013-12-05 00:29:14'),
(159, 'Cumarebo', 10, '2013-12-05 00:29:14', '2013-12-05 00:29:14'),
(160, 'Dabajuro', 10, '2013-12-05 00:29:14', '2013-12-05 00:29:14'),
(161, 'Judibana', 10, '2013-12-05 00:29:14', '2013-12-05 00:29:14'),
(162, 'La Cruz De Taratara', 10, '2013-12-05 00:29:14', '2013-12-05 00:29:14'),
(163, 'La Vela De Coro', 10, '2013-12-05 00:29:14', '2013-12-05 00:29:14'),
(164, 'Los Taques', 10, '2013-12-05 00:29:14', '2013-12-05 00:29:14'),
(165, 'Maparari', 10, '2013-12-05 00:29:14', '2013-12-05 00:29:14'),
(166, 'Mene De Mauroa', 10, '2013-12-05 00:29:14', '2013-12-05 00:29:14'),
(167, 'Mirimire', 10, '2013-12-05 00:29:14', '2013-12-05 00:29:14'),
(168, 'Pedregal', 10, '2013-12-05 00:29:14', '2013-12-05 00:29:14'),
(169, 'Piritu Falcon', 10, '2013-12-05 00:29:14', '2013-12-05 00:29:14'),
(170, 'Pueblo Nuevo Falcon', 10, '2013-12-05 00:29:14', '2013-12-05 00:29:14'),
(171, 'Puerto Cumarebo', 10, '2013-12-05 00:29:14', '2013-12-05 00:29:14'),
(172, 'Punta Cardon', 10, '2013-12-05 00:29:14', '2013-12-05 00:29:14'),
(173, 'Punto Fijo', 10, '2013-12-05 00:29:14', '2013-12-05 00:29:14'),
(174, 'San Juan De Los Cayos', 10, '2013-12-05 00:29:14', '2013-12-05 00:29:14'),
(175, 'San Luis', 10, '2013-12-05 00:29:14', '2013-12-05 00:29:14'),
(176, 'Santa Ana Falcon', 10, '2013-12-05 00:29:14', '2013-12-05 00:29:14'),
(177, 'Santa Cruz De Bucaral', 10, '2013-12-05 00:29:14', '2013-12-05 00:29:14'),
(178, 'Tocopero', 10, '2013-12-05 00:29:14', '2013-12-05 00:29:14'),
(179, 'Tocuyo De La Costa', 10, '2013-12-05 00:29:14', '2013-12-05 00:29:14'),
(180, 'Tucacas', 10, '2013-12-05 00:29:14', '2013-12-05 00:29:14'),
(181, 'Yaracal', 10, '2013-12-05 00:29:14', '2013-12-05 00:29:14'),
(182, 'Altagracia De Orituco', 11, '2013-12-05 00:29:14', '2013-12-05 00:29:14'),
(183, 'Cabruta', 11, '2013-12-05 00:29:14', '2013-12-05 00:29:14'),
(184, 'Calabozo', 11, '2013-12-05 00:29:14', '2013-12-05 00:29:14'),
(185, 'Camaguan', 11, '2013-12-05 00:29:14', '2013-12-05 00:29:14'),
(196, 'Chaguaramas Guarico', 11, '2013-12-05 00:29:14', '2013-12-05 00:29:14'),
(197, 'El Socorro', 11, '2013-12-05 00:29:14', '2013-12-05 00:29:14'),
(198, 'El Sombrero', 11, '2013-12-05 00:29:14', '2013-12-05 00:29:14'),
(199, 'Las Mercedes De Los Llanos', 11, '2013-12-05 00:29:14', '2013-12-05 00:29:14'),
(200, 'Lezama', 11, '2013-12-05 00:29:14', '2013-12-05 00:29:14'),
(201, 'Onoto', 11, '2013-12-05 00:29:14', '2013-12-05 00:29:14'),
(202, 'Ortiz', 11, '2013-12-05 00:29:14', '2013-12-05 00:29:14'),
(203, 'San Jose De Guaribe', 11, '2013-12-05 00:29:14', '2013-12-05 00:29:14'),
(204, 'San Juan De Los Morros', 11, '2013-12-05 00:29:14', '2013-12-05 00:29:14'),
(205, 'San Rafael De Laya', 11, '2013-12-05 00:29:14', '2013-12-05 00:29:14'),
(206, 'Santa Maria De Ipire', 11, '2013-12-05 00:29:14', '2013-12-05 00:29:14'),
(207, 'Tucupido', 11, '2013-12-05 00:29:14', '2013-12-05 00:29:14'),
(208, 'Valle De La Pascua', 11, '2013-12-05 00:29:14', '2013-12-05 00:29:14'),
(209, 'Zaraza', 11, '2013-12-05 00:29:14', '2013-12-05 00:29:14'),
(210, 'Aguada Grande', 12, '2013-12-05 00:29:14', '2013-12-05 00:29:14'),
(211, 'Atarigua', 12, '2013-12-05 00:29:14', '2013-12-05 00:29:14'),
(212, 'Barquisimeto', 12, '2013-12-05 00:29:14', '2013-12-05 00:29:14'),
(213, 'Bobare', 12, '2013-12-05 00:29:14', '2013-12-05 00:29:14'),
(214, 'Cabudare', 12, '2013-12-05 00:29:14', '2013-12-05 00:29:14'),
(215, 'Carora', 12, '2013-12-05 00:29:14', '2013-12-05 00:29:14'),
(216, 'Cubiro', 12, '2013-12-05 00:29:14', '2013-12-05 00:29:14'),
(217, 'Cuji', 12, '2013-12-05 00:29:14', '2013-12-05 00:29:14'),
(218, 'Duaca', 12, '2013-12-05 00:29:14', '2013-12-05 00:29:14'),
(219, 'El Manzano', 12, '2013-12-05 00:29:14', '2013-12-05 00:29:14'),
(220, 'El Tocuyo', 12, '2013-12-05 00:29:14', '2013-12-05 00:29:14'),
(221, 'Guaríco', 12, '2013-12-05 00:29:14', '2013-12-05 00:29:14'),
(222, 'Humocaro Alto', 12, '2013-12-05 00:29:14', '2013-12-05 00:29:14'),
(223, 'Humocaro Bajo', 12, '2013-12-05 00:29:14', '2013-12-05 00:29:14'),
(224, 'La Miel', 12, '2013-12-05 00:29:14', '2013-12-05 00:29:14'),
(225, 'Moroturo', 12, '2013-12-05 00:29:14', '2013-12-05 00:29:14'),
(226, 'Quibor', 12, '2013-12-05 00:29:14', '2013-12-05 00:29:14'),
(227, 'Rio Claro', 12, '2013-12-05 00:29:14', '2013-12-05 00:29:14'),
(228, 'Sanare', 12, '2013-12-05 00:29:14', '2013-12-05 00:29:14'),
(229, 'Santa Ines', 12, '2013-12-05 00:29:14', '2013-12-05 00:29:14'),
(230, 'Sarare', 12, '2013-12-05 00:29:14', '2013-12-05 00:29:14'),
(231, 'Siquisique', 12, '2013-12-05 00:29:14', '2013-12-05 00:29:14'),
(232, 'Tintorero', 12, '2013-12-05 00:29:14', '2013-12-05 00:29:14'),
(233, 'Apartaderos Merida', 13, '2013-12-05 00:29:14', '2013-12-05 00:29:14'),
(234, 'Arapuey', 13, '2013-12-05 00:29:14', '2013-12-05 00:29:14'),
(235, 'Bailadores', 13, '2013-12-05 00:29:14', '2013-12-05 00:29:14'),
(236, 'Caja Seca', 13, '2013-12-05 00:29:14', '2013-12-05 00:29:14'),
(237, 'Canagua', 13, '2013-12-05 00:29:14', '2013-12-05 00:29:14'),
(238, 'Chachopo', 13, '2013-12-05 00:29:14', '2013-12-05 00:29:14'),
(239, 'Chiguara', 13, '2013-12-05 00:29:14', '2013-12-05 00:29:14'),
(240, 'Ejido', 13, '2013-12-05 00:29:14', '2013-12-05 00:29:14'),
(241, 'El Vigia', 13, '2013-12-05 00:29:14', '2013-12-05 00:29:14'),
(242, 'La Azulita', 13, '2013-12-05 00:29:14', '2013-12-05 00:29:14'),
(243, 'La Playa', 13, '2013-12-05 00:29:14', '2013-12-05 00:29:14'),
(244, 'Lagunillas Merida', 13, '2013-12-05 00:29:14', '2013-12-05 00:29:14'),
(245, 'Mérida', 13, '2013-12-05 00:29:14', '2013-12-05 00:29:14'),
(246, 'Mesa De Bolivar', 13, '2013-12-05 00:29:14', '2013-12-05 00:29:14'),
(247, 'Mucuchies', 13, '2013-12-05 00:29:14', '2013-12-05 00:29:14'),
(248, 'Mucujepe', 13, '2013-12-05 00:29:14', '2013-12-05 00:29:14'),
(249, 'Mucuruba', 13, '2013-12-05 00:29:14', '2013-12-05 00:29:14'),
(250, 'Nueva Bolivia', 13, '2013-12-05 00:29:14', '2013-12-05 00:29:14'),
(251, 'Palmarito', 13, '2013-12-05 00:29:14', '2013-12-05 00:29:14'),
(252, 'Pueblo Llano', 13, '2013-12-05 00:29:14', '2013-12-05 00:29:14'),
(253, 'Santa Cruz De Mora', 13, '2013-12-05 00:29:14', '2013-12-05 00:29:14'),
(254, 'Santa Elena De Arenales', 13, '2013-12-05 00:29:14', '2013-12-05 00:29:14'),
(255, 'Santo Domingo', 13, '2013-12-05 00:29:14', '2013-12-05 00:29:14'),
(256, 'Tabay', 13, '2013-12-05 00:29:14', '2013-12-05 00:29:14'),
(257, 'Timotes', 13, '2013-12-05 00:29:14', '2013-12-05 00:29:14'),
(258, 'Torondoy', 13, '2013-12-05 00:29:14', '2013-12-05 00:29:14'),
(259, 'Tovar', 13, '2013-12-05 00:29:14', '2013-12-05 00:29:14'),
(260, 'Tucani', 13, '2013-12-05 00:29:14', '2013-12-05 00:29:14'),
(261, 'Zea', 13, '2013-12-05 00:29:14', '2013-12-05 00:29:14'),
(262, 'Araguita', 14, '2013-12-05 00:29:14', '2013-12-05 00:29:14'),
(263, 'Carrizal', 14, '2013-12-05 00:29:14', '2013-12-05 00:29:14'),
(264, 'Caucagua', 14, '2013-12-05 00:29:14', '2013-12-05 00:29:14'),
(265, 'Chaguaramas Miranda', 14, '2013-12-05 00:29:14', '2013-12-05 00:29:14'),
(266, 'Charallave', 14, '2013-12-05 00:29:14', '2013-12-05 00:29:14'),
(267, 'Chirimena', 14, '2013-12-05 00:29:14', '2013-12-05 00:29:14'),
(268, 'Chuspa', 14, '2013-12-05 00:29:14', '2013-12-05 00:29:14'),
(269, 'Cua', 14, '2013-12-05 00:29:14', '2013-12-05 00:29:14'),
(270, 'Cupira', 14, '2013-12-05 00:29:14', '2013-12-05 00:29:14'),
(271, 'Curiepe', 14, '2013-12-05 00:29:14', '2013-12-05 00:29:14'),
(272, 'El Guapo', 14, '2013-12-05 00:29:14', '2013-12-05 00:29:14'),
(273, 'El Jarillo', 14, '2013-12-05 00:29:14', '2013-12-05 00:29:14'),
(274, 'Filas De Mariche', 14, '2013-12-05 00:29:14', '2013-12-05 00:29:14'),
(275, 'Guarenas', 14, '2013-12-05 00:29:14', '2013-12-05 00:29:14'),
(276, 'Guatire', 14, '2013-12-05 00:29:14', '2013-12-05 00:29:14'),
(277, 'Higuerote', 14, '2013-12-05 00:29:14', '2013-12-05 00:29:14'),
(278, 'Los Anaucos', 14, '2013-12-05 00:29:14', '2013-12-05 00:29:14'),
(279, 'Los Teques', 14, '2013-12-05 00:29:14', '2013-12-05 00:29:14'),
(280, 'Ocumare Del Tuy', 14, '2013-12-05 00:29:14', '2013-12-05 00:29:14'),
(281, 'Panaquire', 14, '2013-12-05 00:29:14', '2013-12-05 00:29:14'),
(282, 'Paracotos', 14, '2013-12-05 00:29:14', '2013-12-05 00:29:14'),
(283, 'Rio Chico', 14, '2013-12-05 00:29:14', '2013-12-05 00:29:14'),
(284, 'San Antonio De Los Altos', 14, '2013-12-05 00:29:14', '2013-12-05 00:29:14'),
(285, 'San Diego De Los Altos', 14, '2013-12-05 00:29:14', '2013-12-05 00:29:14'),
(286, 'San Fernando Del Guapo', 14, '2013-12-05 00:29:14', '2013-12-05 00:29:14'),
(287, 'San Francisco De Yare', 14, '2013-12-05 00:29:14', '2013-12-05 00:29:14'),
(288, 'San Jose De Los Altos', 14, '2013-12-05 00:29:14', '2013-12-05 00:29:14'),
(289, 'San Jose De Rio Chico', 14, '2013-12-05 00:29:14', '2013-12-05 00:29:14'),
(290, 'San Pedro De Los Altos', 14, '2013-12-05 00:29:14', '2013-12-05 00:29:14'),
(291, 'Santa Lucia', 14, '2013-12-05 00:29:14', '2013-12-05 00:29:14'),
(292, 'Santa Teresa', 14, '2013-12-05 00:29:14', '2013-12-05 00:29:14'),
(293, 'Tacarigua De La Laguna', 14, '2013-12-05 00:29:14', '2013-12-05 00:29:14'),
(294, 'Tacarigua De Mamporal', 14, '2013-12-05 00:29:14', '2013-12-05 00:29:14'),
(295, 'Tacata', 14, '2013-12-05 00:29:14', '2013-12-05 00:29:14'),
(296, 'Turumo', 14, '2013-12-05 00:29:14', '2013-12-05 00:29:14'),
(297, 'Aguasay', 15, '2013-12-05 00:29:14', '2013-12-05 00:29:14'),
(298, 'Aragua De Maturin', 15, '2013-12-05 00:29:14', '2013-12-05 00:29:14'),
(299, 'Barrancas Del Orinoco', 15, '2013-12-05 00:29:14', '2013-12-05 00:29:14'),
(300, 'Caicara De Maturin', 15, '2013-12-05 00:29:14', '2013-12-05 00:29:14'),
(301, 'Caripe', 15, '2013-12-05 00:29:14', '2013-12-05 00:29:14'),
(302, 'Caripito', 15, '2013-12-05 00:29:14', '2013-12-05 00:29:14'),
(303, 'Chaguaramal', 15, '2013-12-05 00:29:14', '2013-12-05 00:29:14'),
(304, 'Chaguaramal', 15, '2013-12-05 00:29:14', '2013-12-05 00:29:14'),
(305, 'Chaguaramas Monagas', 15, '2013-12-05 00:29:14', '2013-12-05 00:29:14'),
(306, 'El Furial', 15, '2013-12-05 00:29:14', '2013-12-05 00:29:14'),
(307, 'El Furrial', 15, '2013-12-05 00:29:14', '2013-12-05 00:29:14'),
(308, 'El Tejero', 15, '2013-12-05 00:29:14', '2013-12-05 00:29:14'),
(309, 'Jusepin', 15, '2013-12-05 00:29:14', '2013-12-05 00:29:14'),
(310, 'La Toscana', 15, '2013-12-05 00:29:14', '2013-12-05 00:29:14'),
(311, 'Maturin', 15, '2013-12-05 00:29:14', '2013-12-05 00:29:14'),
(312, 'Miraflores', 15, '2013-12-05 00:29:14', '2013-12-05 00:29:14'),
(313, 'Punta De Mata', 15, '2013-12-05 00:29:14', '2013-12-05 00:29:14'),
(314, 'Quiriquire', 15, '2013-12-05 00:29:14', '2013-12-05 00:29:14'),
(315, 'San Antonio De Maturin', 15, '2013-12-05 00:29:14', '2013-12-05 00:29:14'),
(316, 'San Vicente Monagas', 15, '2013-12-05 00:29:14', '2013-12-05 00:29:14'),
(317, 'Santa Barbara', 15, '2013-12-05 00:29:14', '2013-12-05 00:29:14'),
(318, 'Temblador', 15, '2013-12-05 00:29:14', '2013-12-05 00:29:14'),
(319, 'Teresen', 15, '2013-12-05 00:29:14', '2013-12-05 00:29:14'),
(320, 'Uracoa', 15, '2013-12-05 00:29:14', '2013-12-05 00:29:14'),
(321, 'Altagracia', 16, '2013-12-05 00:29:14', '2013-12-05 00:29:14'),
(322, 'Boca De Pozo', 16, '2013-12-05 00:29:14', '2013-12-05 00:29:14'),
(323, 'Boca De Rio', 16, '2013-12-05 00:29:14', '2013-12-05 00:29:14'),
(324, 'El Espinal', 16, '2013-12-05 00:29:14', '2013-12-05 00:29:14'),
(325, 'El Valle Del Espiritu Santo', 16, '2013-12-05 00:29:14', '2013-12-05 00:29:14'),
(326, 'El Yaque', 16, '2013-12-05 00:29:14', '2013-12-05 00:29:14'),
(327, 'Juangriego', 16, '2013-12-05 00:29:14', '2013-12-05 00:29:14'),
(328, 'La Asuncion', 16, '2013-12-05 00:29:14', '2013-12-05 00:29:14'),
(329, 'La Guardia', 16, '2013-12-05 00:29:14', '2013-12-05 00:29:14'),
(330, 'Pampatar', 16, '2013-12-05 00:29:14', '2013-12-05 00:29:14'),
(331, 'Porlamar', 16, '2013-12-05 00:29:14', '2013-12-05 00:29:14'),
(332, 'Puerto Fermin', 16, '2013-12-05 00:29:14', '2013-12-05 00:29:14'),
(333, 'Punta De Piedras', 16, '2013-12-05 00:29:14', '2013-12-05 00:29:14'),
(334, 'San Francisco De Macanao', 16, '2013-12-05 00:29:14', '2013-12-05 00:29:14'),
(335, 'San Juan Bautista', 16, '2013-12-05 00:29:14', '2013-12-05 00:29:14'),
(336, 'San Pedro De Coche', 16, '2013-12-05 00:29:14', '2013-12-05 00:29:14'),
(337, 'Santa Ana De Nueva Esparta', 16, '2013-12-05 00:29:14', '2013-12-05 00:29:14'),
(338, 'Villa Rosa', 16, '2013-12-05 00:29:14', '2013-12-05 00:29:14'),
(339, 'Acarigua', 17, '2013-12-05 00:29:14', '2013-12-05 00:29:14'),
(340, 'Agua Blanca', 17, '2013-12-05 00:29:14', '2013-12-05 00:29:14'),
(341, 'Araure', 17, '2013-12-05 00:29:14', '2013-12-05 00:29:14'),
(342, 'Biscucuy', 17, '2013-12-05 00:29:14', '2013-12-05 00:29:14'),
(343, 'Boconoito', 17, '2013-12-05 00:29:14', '2013-12-05 00:29:14'),
(344, 'Campo Elias', 17, '2013-12-05 00:29:14', '2013-12-05 00:29:14'),
(345, 'Chabasquen', 17, '2013-12-05 00:29:14', '2013-12-05 00:29:14'),
(346, 'Guanare', 17, '2013-12-05 00:29:14', '2013-12-05 00:29:14'),
(347, 'Guanarito', 17, '2013-12-05 00:29:14', '2013-12-05 00:29:14'),
(348, 'La Aparicion', 17, '2013-12-05 00:29:14', '2013-12-05 00:29:14'),
(349, 'La Mision', 17, '2013-12-05 00:29:14', '2013-12-05 00:29:14'),
(350, 'Mesa De Cavaca', 17, '2013-12-05 00:29:14', '2013-12-05 00:29:14'),
(351, 'Ospino', 17, '2013-12-05 00:29:14', '2013-12-05 00:29:14'),
(352, 'Papelon', 17, '2013-12-05 00:29:14', '2013-12-05 00:29:14'),
(353, 'Payara', 17, '2013-12-05 00:29:14', '2013-12-05 00:29:14'),
(354, 'Pimpinela', 17, '2013-12-05 00:29:14', '2013-12-05 00:29:14'),
(355, 'Piritu Portuguesa', 17, '2013-12-05 00:29:14', '2013-12-05 00:29:14'),
(356, 'San Rafael De Onoto', 17, '2013-12-05 00:29:14', '2013-12-05 00:29:14'),
(357, 'Santa Rosalia', 17, '2013-12-05 00:29:14', '2013-12-05 00:29:14'),
(358, 'Turen', 17, '2013-12-05 00:29:14', '2013-12-05 00:29:14'),
(359, 'Altos De Sucre', 18, '2013-12-05 00:29:14', '2013-12-05 00:29:14'),
(360, 'Araya', 18, '2013-12-05 00:29:14', '2013-12-05 00:29:14'),
(361, 'Cariaco', 18, '2013-12-05 00:29:14', '2013-12-05 00:29:14'),
(362, 'Carupano', 18, '2013-12-05 00:29:14', '2013-12-05 00:29:14'),
(363, 'Casanay', 18, '2013-12-05 00:29:14', '2013-12-05 00:29:14'),
(364, 'Cumana', 18, '2013-12-05 00:29:14', '2013-12-05 00:29:14'),
(365, 'Cumanacoa', 18, '2013-12-05 00:29:14', '2013-12-05 00:29:14'),
(366, 'El Morro Puerto Santo', 18, '2013-12-05 00:29:14', '2013-12-05 00:29:14'),
(367, 'El Pilar', 18, '2013-12-05 00:29:14', '2013-12-05 00:29:14'),
(368, 'El Poblado', 18, '2013-12-05 00:29:14', '2013-12-05 00:29:14'),
(369, 'Guaca', 18, '2013-12-05 00:29:14', '2013-12-05 00:29:14'),
(370, 'Guiria', 18, '2013-12-05 00:29:14', '2013-12-05 00:29:14'),
(371, 'Irapa', 18, '2013-12-05 00:29:14', '2013-12-05 00:29:14'),
(372, 'Manicuare', 18, '2013-12-05 00:29:14', '2013-12-05 00:29:14'),
(373, 'Mariguitar', 18, '2013-12-05 00:29:14', '2013-12-05 00:29:14'),
(374, 'Rio Caribe', 18, '2013-12-05 00:29:14', '2013-12-05 00:29:14'),
(375, 'San Antonio Del Golfo', 18, '2013-12-05 00:29:14', '2013-12-05 00:29:14'),
(376, 'San Jose De Aerocuar', 18, '2013-12-05 00:29:14', '2013-12-05 00:29:14'),
(377, 'San Vicente Sucre', 18, '2013-12-05 00:29:14', '2013-12-05 00:29:14'),
(378, 'Santa Fe Sucre', 18, '2013-12-05 00:29:14', '2013-12-05 00:29:14'),
(379, 'Tunapuy', 18, '2013-12-05 00:29:14', '2013-12-05 00:29:14'),
(380, 'Yaguaraparo', 18, '2013-12-05 00:29:14', '2013-12-05 00:29:14'),
(381, 'Yoco', 18, '2013-12-05 00:29:14', '2013-12-05 00:29:14'),
(382, 'Abejales', 19, '2013-12-05 00:29:14', '2013-12-05 00:29:14'),
(383, 'Borota', 19, '2013-12-05 00:29:14', '2013-12-05 00:29:14'),
(384, 'Bramon', 19, '2013-12-05 00:29:14', '2013-12-05 00:29:14'),
(385, 'Capacho', 19, '2013-12-05 00:29:14', '2013-12-05 00:29:14'),
(386, 'Colon', 19, '2013-12-05 00:29:14', '2013-12-05 00:29:14'),
(387, 'Coloncito', 19, '2013-12-05 00:29:14', '2013-12-05 00:29:14'),
(388, 'Cordero', 19, '2013-12-05 00:29:14', '2013-12-05 00:29:14'),
(389, 'El Cobre', 19, '2013-12-05 00:29:14', '2013-12-05 00:29:14'),
(390, 'El Pinal', 19, '2013-12-05 00:29:14', '2013-12-05 00:29:14'),
(391, 'Independencia', 19, '2013-12-05 00:29:14', '2013-12-05 00:29:14'),
(392, 'La Fria', 19, '2013-12-05 00:29:14', '2013-12-05 00:29:14'),
(393, 'La Grita', 19, '2013-12-05 00:29:14', '2013-12-05 00:29:14'),
(394, 'La Pedrera', 19, '2013-12-05 00:29:14', '2013-12-05 00:29:14'),
(395, 'La Tendida', 19, '2013-12-05 00:29:14', '2013-12-05 00:29:14'),
(396, 'Las Delicias', 19, '2013-12-05 00:29:14', '2013-12-05 00:29:14'),
(397, 'Las Hernandez', 19, '2013-12-05 00:29:14', '2013-12-05 00:29:14'),
(398, 'Lobatera', 19, '2013-12-05 00:29:14', '2013-12-05 00:29:14'),
(399, 'Michelena', 19, '2013-12-05 00:29:14', '2013-12-05 00:29:14'),
(400, 'Palmira', 19, '2013-12-05 00:29:14', '2013-12-05 00:29:14'),
(401, 'Pregonero', 19, '2013-12-05 00:29:14', '2013-12-05 00:29:14'),
(402, 'Queniquea', 19, '2013-12-05 00:29:14', '2013-12-05 00:29:14'),
(403, 'Rubio', 19, '2013-12-05 00:29:14', '2013-12-05 00:29:14'),
(404, 'San Antonio Del Tachira', 19, '2013-12-05 00:29:14', '2013-12-05 00:29:14'),
(405, 'San Cristobal', 19, '2013-12-05 00:29:14', '2013-12-05 00:29:14'),
(406, 'San Jose De Bolivar', 19, '2013-12-05 00:29:14', '2013-12-05 00:29:14'),
(407, 'San Josecito', 19, '2013-12-05 00:29:14', '2013-12-05 00:29:14'),
(408, 'San Pedro Del Rio', 19, '2013-12-05 00:29:14', '2013-12-05 00:29:14'),
(409, 'Santa Ana Tachira', 19, '2013-12-05 00:29:14', '2013-12-05 00:29:14'),
(410, 'Seboruco', 19, '2013-12-05 00:29:14', '2013-12-05 00:29:14'),
(411, 'Tariba', 19, '2013-12-05 00:29:14', '2013-12-05 00:29:14'),
(412, 'Umuquena', 19, '2013-12-05 00:29:14', '2013-12-05 00:29:14'),
(413, 'Ureña', 19, '2013-12-05 00:29:14', '2013-12-05 00:29:14'),
(414, 'Batatal', 20, '2013-12-05 00:29:14', '2013-12-05 00:29:14'),
(415, 'Betijoque', 20, '2013-12-05 00:29:14', '2013-12-05 00:29:14'),
(416, 'Bocono', 20, '2013-12-05 00:29:14', '2013-12-05 00:29:14'),
(417, 'Carache', 20, '2013-12-05 00:29:14', '2013-12-05 00:29:14'),
(418, 'Chejende', 20, '2013-12-05 00:29:14', '2013-12-05 00:29:14'),
(419, 'Cuicas', 20, '2013-12-05 00:29:14', '2013-12-05 00:29:14'),
(420, 'El Dividive', 20, '2013-12-05 00:29:14', '2013-12-05 00:29:14'),
(421, 'El Jaguito', 20, '2013-12-05 00:29:14', '2013-12-05 00:29:14'),
(422, 'Escuque', 20, '2013-12-05 00:29:14', '2013-12-05 00:29:14'),
(423, 'Isnotu', 20, '2013-12-05 00:29:14', '2013-12-05 00:29:14'),
(424, 'Jajo', 20, '2013-12-05 00:29:14', '2013-12-05 00:29:14'),
(425, 'La Ceiba', 20, '2013-12-05 00:29:14', '2013-12-05 00:29:14'),
(426, 'La Concepcion Trujllo', 20, '2013-12-05 00:29:14', '2013-12-05 00:29:14'),
(427, 'La Mesa De Esnujaque', 20, '2013-12-05 00:29:14', '2013-12-05 00:29:14'),
(428, 'La Puerta', 20, '2013-12-05 00:29:14', '2013-12-05 00:29:14'),
(429, 'La Quebrada', 20, '2013-12-05 00:29:14', '2013-12-05 00:29:14'),
(430, 'Mendoza Fria', 20, '2013-12-05 00:29:14', '2013-12-05 00:29:14'),
(431, 'Meseta De Chimpire', 20, '2013-12-05 00:29:14', '2013-12-05 00:29:14'),
(432, 'Monay', 20, '2013-12-05 00:29:14', '2013-12-05 00:29:14'),
(433, 'Motatan', 20, '2013-12-05 00:29:14', '2013-12-05 00:29:14'),
(434, 'Pampan', 20, '2013-12-05 00:29:14', '2013-12-05 00:29:14'),
(435, 'Pampanito', 20, '2013-12-05 00:29:14', '2013-12-05 00:29:14'),
(436, 'Sabana De Mendoza', 20, '2013-12-05 00:29:14', '2013-12-05 00:29:14'),
(437, 'San Lazaro', 20, '2013-12-05 00:29:14', '2013-12-05 00:29:14'),
(438, 'Santa Ana Trujillo', 20, '2013-12-05 00:29:14', '2013-12-05 00:29:14'),
(439, 'Tostos', 20, '2013-12-05 00:29:14', '2013-12-05 00:29:14'),
(440, 'Trujillo', 20, '2013-12-05 00:29:14', '2013-12-05 00:29:14'),
(441, 'Valera', 20, '2013-12-05 00:29:14', '2013-12-05 00:29:14'),
(442, 'Carayaca', 21, '2013-12-05 00:29:14', '2013-12-05 00:29:14'),
(443, 'Litoral', 21, '2013-12-05 00:29:14', '2013-12-05 00:29:14'),
(444, 'Archipiélago Los Roques', 25, '2013-12-05 00:29:14', '2013-12-05 00:29:14'),
(445, 'Aroa', 22, '2013-12-05 00:29:14', '2013-12-05 00:29:14'),
(446, 'Boraure', 22, '2013-12-05 00:29:14', '2013-12-05 00:29:14'),
(447, 'Campo Elias Yaracuy', 22, '2013-12-05 00:29:14', '2013-12-05 00:29:14'),
(448, 'Chivacoa', 22, '2013-12-05 00:29:14', '2013-12-05 00:29:14'),
(449, 'Cocorote', 22, '2013-12-05 00:29:14', '2013-12-05 00:29:14'),
(450, 'Farriar', 22, '2013-12-05 00:29:14', '2013-12-05 00:29:14'),
(451, 'Guama', 22, '2013-12-05 00:29:14', '2013-12-05 00:29:14'),
(452, 'Marin', 22, '2013-12-05 00:29:14', '2013-12-05 00:29:14'),
(453, 'Nirgua', 22, '2013-12-05 00:29:14', '2013-12-05 00:29:14'),
(454, 'Sabana De Parra', 22, '2013-12-05 00:29:14', '2013-12-05 00:29:14'),
(455, 'Salom', 22, '2013-12-05 00:29:14', '2013-12-05 00:29:14'),
(456, 'San Felipe', 22, '2013-12-05 00:29:14', '2013-12-05 00:29:14'),
(457, 'San Pablo Yaracuy', 22, '2013-12-05 00:29:14', '2013-12-05 00:29:14'),
(458, 'Urachiche', 22, '2013-12-05 00:29:14', '2013-12-05 00:29:14'),
(459, 'Yaritagua', 22, '2013-12-05 00:29:14', '2013-12-05 00:29:14'),
(460, 'Yumare', 22, '2013-12-05 00:29:14', '2013-12-05 00:29:14'),
(461, 'Bachaquero', 23, '2013-12-05 00:29:14', '2013-12-05 00:29:14'),
(462, 'Bobures', 23, '2013-12-05 00:29:14', '2013-12-05 00:29:14'),
(463, 'Cabimas', 23, '2013-12-05 00:29:14', '2013-12-05 00:29:14'),
(464, 'Campo Concepcion', 23, '2013-12-05 00:29:14', '2013-12-05 00:29:14'),
(465, 'Campo Mara', 23, '2013-12-05 00:29:14', '2013-12-05 00:29:14'),
(466, 'Campo Rojo', 23, '2013-12-05 00:29:14', '2013-12-05 00:29:14'),
(467, 'Carrasquero', 23, '2013-12-05 00:29:14', '2013-12-05 00:29:14'),
(468, 'Casigua', 23, '2013-12-05 00:29:14', '2013-12-05 00:29:14'),
(469, 'Chiquinquira', 23, '2013-12-05 00:29:14', '2013-12-05 00:29:14'),
(470, 'Ciudad Ojeda', 23, '2013-12-05 00:29:14', '2013-12-05 00:29:14'),
(471, 'El Batey', 23, '2013-12-05 00:29:14', '2013-12-05 00:29:14'),
(472, 'El Carmelo', 23, '2013-12-05 00:29:14', '2013-12-05 00:29:14'),
(473, 'El Chivo', 23, '2013-12-05 00:29:14', '2013-12-05 00:29:14'),
(474, 'El Guayabo', 23, '2013-12-05 00:29:14', '2013-12-05 00:29:14'),
(475, 'El Mene', 23, '2013-12-05 00:29:14', '2013-12-05 00:29:14'),
(476, 'El Venado', 23, '2013-12-05 00:29:14', '2013-12-05 00:29:14'),
(477, 'Encontrados', 23, '2013-12-05 00:29:14', '2013-12-05 00:29:14'),
(478, 'Gibraltar', 23, '2013-12-05 00:29:14', '2013-12-05 00:29:14'),
(479, 'Isla De Toas', 23, '2013-12-05 00:29:14', '2013-12-05 00:29:14'),
(480, 'La Concepcion Zulia', 23, '2013-12-05 00:29:14', '2013-12-05 00:29:14'),
(481, 'La Paz', 23, '2013-12-05 00:29:14', '2013-12-05 00:29:14'),
(482, 'La Sierrita', 23, '2013-12-05 00:29:14', '2013-12-05 00:29:14'),
(483, 'Lagunillas Zulia', 23, '2013-12-05 00:29:14', '2013-12-05 00:29:14'),
(484, 'Las Piedras De Perija', 23, '2013-12-05 00:29:14', '2013-12-05 00:29:14'),
(485, 'Los Cortijos', 23, '2013-12-05 00:29:14', '2013-12-05 00:29:14'),
(486, 'Machiques', 23, '2013-12-05 00:29:14', '2013-12-05 00:29:14'),
(487, 'Maracaibo', 23, '2013-12-05 00:29:14', '2013-12-05 00:29:14'),
(488, 'Mene Grande', 23, '2013-12-05 00:29:14', '2013-12-05 00:29:14'),
(489, 'Palmarejo', 23, '2013-12-05 00:29:14', '2013-12-05 00:29:14'),
(490, 'Paraguaipoa', 23, '2013-12-05 00:29:14', '2013-12-05 00:29:14'),
(491, 'Potrerito', 23, '2013-12-05 00:29:14', '2013-12-05 00:29:14'),
(492, 'Pueblo Nuevo Zulia', 23, '2013-12-05 00:29:14', '2013-12-05 00:29:14'),
(493, 'Puertos De Altagracia', 23, '2013-12-05 00:29:14', '2013-12-05 00:29:14'),
(494, 'Punta Gorda', 23, '2013-12-05 00:29:14', '2013-12-05 00:29:14'),
(495, 'Sabaneta De Palma', 23, '2013-12-05 00:29:14', '2013-12-05 00:29:14'),
(496, 'San Francisco', 23, '2013-12-05 00:29:14', '2013-12-05 00:29:14'),
(497, 'San Jose De Perija', 23, '2013-12-05 00:29:14', '2013-12-05 00:29:14'),
(498, 'San Rafael Del Mojan', 23, '2013-12-05 00:29:14', '2013-12-05 00:29:14'),
(499, 'San Timoteo', 23, '2013-12-05 00:29:14', '2013-12-05 00:29:14'),
(500, 'Santa Barbara Del Zulia', 23, '2013-12-05 00:29:14', '2013-12-05 00:29:14'),
(501, 'Santa Cruz De Mara', 23, '2013-12-05 00:29:14', '2013-12-05 00:29:14'),
(502, 'Santa Cruz Del Zulia', 23, '2013-12-05 00:29:14', '2013-12-05 00:29:14'),
(503, 'Santa Rita', 23, '2013-12-05 00:29:14', '2013-12-05 00:29:14'),
(504, 'Sinamaica', 23, '2013-12-05 00:29:14', '2013-12-05 00:29:14'),
(505, 'Tamare', 23, '2013-12-05 00:29:14', '2013-12-05 00:29:14'),
(506, 'Tia Juana', 23, '2013-12-05 00:29:14', '2013-12-05 00:29:14'),
(507, 'Villa Del Rosario', 23, '2013-12-05 00:29:14', '2013-12-05 00:29:14'),
(508, 'La Guaira', 21, '2013-12-05 00:29:14', '2013-12-05 00:29:14'),
(509, 'Catia La Mar', 21, '2013-12-05 00:29:14', '2013-12-05 00:29:14'),
(510, 'Macuto', 21, '2013-12-05 00:29:14', '2013-12-05 00:29:14'),
(511, 'Naiguatá', 21, '2013-12-05 00:29:14', '2013-12-05 00:29:14'),
(512, 'Archipiélago Los Monjes', 25, '2013-12-05 00:29:14', '2013-12-05 00:29:14'),
(513, 'Isla La Tortuga y Cayos adyacentes', 25, '2013-12-05 00:29:14', '2013-12-05 00:29:14'),
(514, 'Isla La Sola', 25, '2013-12-05 00:29:14', '2013-12-05 00:29:14'),
(515, 'Islas Los Testigos', 25, '2013-12-05 00:29:14', '2013-12-05 00:29:14'),
(516, 'Islas Los Frailes', 25, '2013-12-05 00:29:14', '2013-12-05 00:29:14'),
(517, 'Isla La Orchila', 25, '2013-12-05 00:29:14', '2013-12-05 00:29:14'),
(518, 'Archipiélago Las Aves', 25, '2013-12-05 00:29:14', '2013-12-05 00:29:14'),
(519, 'Isla de Aves', 25, '2013-12-05 00:29:14', '2013-12-05 00:29:14'),
(520, 'Isla La Blanquilla', 25, '2013-12-05 00:29:14', '2013-12-05 00:29:14'),
(521, 'Isla de Patos', 25, '2013-12-05 00:29:14', '2013-12-05 00:29:14'),
(522, 'Islas Los Hermanos', 25, '2013-12-05 00:29:14', '2013-12-05 00:29:14');

-- --------------------------------------------------------

--
-- Table structure for table `computadoras`
--

CREATE TABLE `computadoras` (
  `id` int(10) unsigned NOT NULL AUTO_INCREMENT,
  `usuario_id` int(10) unsigned NOT NULL,
  `user_agent` text COLLATE utf8_unicode_ci NOT NULL,
  `token` varchar(100) COLLATE utf8_unicode_ci NOT NULL,
  `ip_address` varchar(45) COLLATE utf8_unicode_ci NOT NULL,
  `nombre` varchar(255) COLLATE utf8_unicode_ci NOT NULL,
  `created_at` timestamp NOT NULL DEFAULT '0000-00-00 00:00:00',
  `updated_at` timestamp NOT NULL DEFAULT '0000-00-00 00:00:00',
  PRIMARY KEY (`id`),
  KEY `computadoras_usuario_id_foreign` (`usuario_id`)
) ENGINE=InnoDB DEFAULT CHARSET=utf8 COLLATE=utf8_unicode_ci AUTO_INCREMENT=1 ;

-- --------------------------------------------------------

--
-- Table structure for table `estados`
--

CREATE TABLE `estados` (
  `id` int(10) unsigned NOT NULL AUTO_INCREMENT,
  `nombre` varchar(200) COLLATE utf8_unicode_ci NOT NULL,
  `pais_id` int(10) unsigned NOT NULL,
  `created_at` timestamp NOT NULL DEFAULT '0000-00-00 00:00:00',
  `updated_at` timestamp NOT NULL DEFAULT '0000-00-00 00:00:00',
  PRIMARY KEY (`id`),
  KEY `estados_pais_id_foreign` (`pais_id`)
) ENGINE=InnoDB  DEFAULT CHARSET=utf8 COLLATE=utf8_unicode_ci AUTO_INCREMENT=26 ;

--
-- Dumping data for table `estados`
--

INSERT INTO `estados` (`id`, `nombre`, `pais_id`, `created_at`, `updated_at`) VALUES
(1, 'Amazonas', 862, '2013-12-05 00:29:13', '2013-12-05 00:29:13'),
(2, 'Anzoátegui', 862, '2013-12-05 00:29:13', '2013-12-05 00:29:13'),
(3, 'Apure', 862, '2013-12-05 00:29:13', '2013-12-05 00:29:13'),
(4, 'Aragua', 862, '2013-12-05 00:29:13', '2013-12-05 00:29:13'),
(5, 'Barinas', 862, '2013-12-05 00:29:13', '2013-12-05 00:29:13'),
(6, 'Bolívar', 862, '2013-12-05 00:29:13', '2013-12-05 00:29:13'),
(7, 'Carabobo', 862, '2013-12-05 00:29:13', '2013-12-05 00:29:13'),
(8, 'Cojedes', 862, '2013-12-05 00:29:13', '2013-12-05 00:29:13'),
(9, 'Delta Amacuro', 862, '2013-12-05 00:29:13', '2013-12-05 00:29:13'),
(10, 'Falcón', 862, '2013-12-05 00:29:13', '2013-12-05 00:29:13'),
(11, 'Guárico', 862, '2013-12-05 00:29:13', '2013-12-05 00:29:13'),
(12, 'Lara', 862, '2013-12-05 00:29:13', '2013-12-05 00:29:13'),
(13, 'Mérida', 862, '2013-12-05 00:29:13', '2013-12-05 00:29:13'),
(14, 'Miranda', 862, '2013-12-05 00:29:13', '2013-12-05 00:29:13'),
(15, 'Monagas', 862, '2013-12-05 00:29:13', '2013-12-05 00:29:13'),
(16, 'Nueva Esparta', 862, '2013-12-05 00:29:13', '2013-12-05 00:29:13'),
(17, 'Portuguesa', 862, '2013-12-05 00:29:13', '2013-12-05 00:29:13'),
(18, 'Sucre', 862, '2013-12-05 00:29:13', '2013-12-05 00:29:13'),
(19, 'Táchira', 862, '2013-12-05 00:29:13', '2013-12-05 00:29:13'),
(20, 'Trujillo', 862, '2013-12-05 00:29:13', '2013-12-05 00:29:13'),
(21, 'Vargas', 862, '2013-12-05 00:29:13', '2013-12-05 00:29:13'),
(22, 'Yaracuy', 862, '2013-12-05 00:29:13', '2013-12-05 00:29:13'),
(23, 'Zulia', 862, '2013-12-05 00:29:13', '2013-12-05 00:29:13'),
(24, 'Distrito Capital', 862, '2013-12-05 00:29:13', '2013-12-05 00:29:13'),
(25, 'Dependencias Federales', 862, '2013-12-05 00:29:13', '2013-12-05 00:29:13');

-- --------------------------------------------------------

--
-- Table structure for table `medios_de_pago`
--

CREATE TABLE `medios_de_pago` (
  `id` int(10) unsigned NOT NULL AUTO_INCREMENT,
  `usuario_id` int(10) unsigned NOT NULL,
  `banco_id` int(10) unsigned NOT NULL,
  `numero` varchar(50) COLLATE utf8_unicode_ci NOT NULL,
  `alias` varchar(100) COLLATE utf8_unicode_ci NOT NULL,
  `tipo` enum('Tarjeta de Crédito','Cuenta') COLLATE utf8_unicode_ci NOT NULL,
  `pago_servicio` tinyint(1) NOT NULL,
  `medio_principal` tinyint(1) NOT NULL,
  `status` enum('Activo','Inactivo') COLLATE utf8_unicode_ci NOT NULL,
  `created_at` timestamp NOT NULL DEFAULT '0000-00-00 00:00:00',
  `updated_at` timestamp NOT NULL DEFAULT '0000-00-00 00:00:00',
  PRIMARY KEY (`id`),
  KEY `medios_de_pago_banco_id_foreign` (`banco_id`),
  KEY `medios_de_pago_usuario_id_foreign` (`usuario_id`)
) ENGINE=InnoDB DEFAULT CHARSET=utf8 COLLATE=utf8_unicode_ci AUTO_INCREMENT=1 ;

-- --------------------------------------------------------

--
-- Table structure for table `medio_de_pago_tarjeta`
--

CREATE TABLE `medio_de_pago_tarjeta` (
  `medio_id` int(10) unsigned NOT NULL,
  `fecha_vencimiento` varchar(255) COLLATE utf8_unicode_ci NOT NULL,
  `nombre_impreso` varchar(255) COLLATE utf8_unicode_ci NOT NULL,
  `tipo` enum('VISA','MASTER','AMEX') COLLATE utf8_unicode_ci NOT NULL,
  PRIMARY KEY (`medio_id`)
) ENGINE=InnoDB DEFAULT CHARSET=utf8 COLLATE=utf8_unicode_ci;

-- --------------------------------------------------------

--
-- Table structure for table `migrations`
--

CREATE TABLE `migrations` (
  `migration` varchar(255) COLLATE utf8_unicode_ci NOT NULL,
  `batch` int(11) NOT NULL
) ENGINE=InnoDB DEFAULT CHARSET=utf8 COLLATE=utf8_unicode_ci;

--
-- Dumping data for table `migrations`
--

INSERT INTO `migrations` (`migration`, `batch`) VALUES
('2013_10_10_190001_create_bancos_table', 1),
('2013_10_10_190002_create_archivos_table', 1),
('2013_10_10_190004_create_profesiones_table', 1),
('2013_10_10_190005_create_campos_laborales_table', 1),
('2013_10_10_190006_create_servicios_table', 1),
('2013_10_10_190007_create_usuarios_table', 1),
('2013_10_10_190008_create_computadoras_table', 1),
('2013_10_10_190012_create_medios_de_pago_table', 1),
('2013_10_10_190024_create_archivo_usuario_table', 1),
('2013_10_10_190025_create_archivo_servicio_table', 1),
('2013_10_10_190026_create_afiliaciones_table', 1),
('2013_10_10_190027_create_usuario_telefonos_table', 1),
('2013_10_10_190028_create_accesos_table', 1),
('2013_10_10_190029_create_medio_de_pago_tarjeta_table', 1),
('2013_10_10_190030_create_transacciones_table', 1),
('2013_12_03_154130_create_paises_table', 2),
('2013_12_03_154256_create_estados_table', 2),
('2013_12_03_154320_create_municipios_table', 2),
('2013_12_03_154347_create_ciudades_table', 2),
('2013_12_03_154619_create_usuario_direcciones_table', 2);

-- --------------------------------------------------------

--
-- Table structure for table `municipios`
--

CREATE TABLE `municipios` (
  `id` int(10) unsigned NOT NULL AUTO_INCREMENT,
  `nombre` varchar(200) COLLATE utf8_unicode_ci NOT NULL,
  `estado_id` int(10) unsigned NOT NULL,
  `created_at` timestamp NOT NULL DEFAULT '0000-00-00 00:00:00',
  `updated_at` timestamp NOT NULL DEFAULT '0000-00-00 00:00:00',
  PRIMARY KEY (`id`),
  KEY `municipios_estado_id_foreign` (`estado_id`)
) ENGINE=InnoDB  DEFAULT CHARSET=utf8 COLLATE=utf8_unicode_ci AUTO_INCREMENT=463 ;

--
-- Dumping data for table `municipios`
--

INSERT INTO `municipios` (`id`, `nombre`, `estado_id`, `created_at`, `updated_at`) VALUES
(1, 'Alto Orinoco', 1, '2013-12-05 00:29:13', '2013-12-05 00:29:13'),
(2, 'Atabapo', 1, '2013-12-05 00:29:13', '2013-12-05 00:29:13'),
(3, 'Atures', 1, '2013-12-05 00:29:13', '2013-12-05 00:29:13'),
(4, 'Autana', 1, '2013-12-05 00:29:13', '2013-12-05 00:29:13'),
(5, 'Manapiare', 1, '2013-12-05 00:29:13', '2013-12-05 00:29:13'),
(6, 'Maroa', 1, '2013-12-05 00:29:13', '2013-12-05 00:29:13'),
(7, 'Río Negro', 1, '2013-12-05 00:29:13', '2013-12-05 00:29:13'),
(8, 'Anaco', 2, '2013-12-05 00:29:13', '2013-12-05 00:29:13'),
(9, 'Aragua', 2, '2013-12-05 00:29:13', '2013-12-05 00:29:13'),
(10, 'Manuel Ezequiel Bruzual', 2, '2013-12-05 00:29:13', '2013-12-05 00:29:13'),
(11, 'Diego Bautista Urbaneja', 2, '2013-12-05 00:29:13', '2013-12-05 00:29:13'),
(12, 'Fernando Peñalver', 2, '2013-12-05 00:29:13', '2013-12-05 00:29:13'),
(13, 'Francisco del Carmen Carvajal', 2, '2013-12-05 00:29:13', '2013-12-05 00:29:13'),
(14, 'General Sir Arthur McGregor', 2, '2013-12-05 00:29:13', '2013-12-05 00:29:13'),
(15, 'Guanta', 2, '2013-12-05 00:29:13', '2013-12-05 00:29:13'),
(16, 'Independencia', 2, '2013-12-05 00:29:13', '2013-12-05 00:29:13'),
(17, 'José Gregorio Monagas', 2, '2013-12-05 00:29:13', '2013-12-05 00:29:13'),
(18, 'Juan Antonio Sotillo', 2, '2013-12-05 00:29:13', '2013-12-05 00:29:13'),
(19, 'Juan Manuel Cajigal', 2, '2013-12-05 00:29:13', '2013-12-05 00:29:13'),
(20, 'Libertad', 2, '2013-12-05 00:29:13', '2013-12-05 00:29:13'),
(21, 'Francisco de Miranda', 2, '2013-12-05 00:29:13', '2013-12-05 00:29:13'),
(22, 'Pedro María Freites', 2, '2013-12-05 00:29:13', '2013-12-05 00:29:13'),
(23, 'Píritu', 2, '2013-12-05 00:29:13', '2013-12-05 00:29:13'),
(24, 'San José de Guanipa', 2, '2013-12-05 00:29:13', '2013-12-05 00:29:13'),
(25, 'San Juan de Capistrano', 2, '2013-12-05 00:29:13', '2013-12-05 00:29:13'),
(26, 'Santa Ana', 2, '2013-12-05 00:29:13', '2013-12-05 00:29:13'),
(27, 'Simón Bolívar', 2, '2013-12-05 00:29:13', '2013-12-05 00:29:13'),
(28, 'Simón Rodríguez', 2, '2013-12-05 00:29:13', '2013-12-05 00:29:13'),
(29, 'Achaguas', 3, '2013-12-05 00:29:13', '2013-12-05 00:29:13'),
(30, 'Biruaca', 3, '2013-12-05 00:29:13', '2013-12-05 00:29:13'),
(31, 'Muñoz', 3, '2013-12-05 00:29:13', '2013-12-05 00:29:13'),
(32, 'Páez', 3, '2013-12-05 00:29:13', '2013-12-05 00:29:13'),
(33, 'Pedro Camejo', 3, '2013-12-05 00:29:13', '2013-12-05 00:29:13'),
(34, 'Rómulo Gallegos', 3, '2013-12-05 00:29:13', '2013-12-05 00:29:13'),
(35, 'San Fernando', 3, '2013-12-05 00:29:13', '2013-12-05 00:29:13'),
(36, 'Atanasio Girardot', 4, '2013-12-05 00:29:13', '2013-12-05 00:29:13'),
(37, 'Bolívar', 4, '2013-12-05 00:29:13', '2013-12-05 00:29:13'),
(38, 'Camatagua', 4, '2013-12-05 00:29:13', '2013-12-05 00:29:13'),
(39, 'Francisco Linares Alcántara', 4, '2013-12-05 00:29:13', '2013-12-05 00:29:13'),
(40, 'José Ángel Lamas', 4, '2013-12-05 00:29:13', '2013-12-05 00:29:13'),
(41, 'José Félix Ribas', 4, '2013-12-05 00:29:13', '2013-12-05 00:29:13'),
(42, 'José Rafael Revenga', 4, '2013-12-05 00:29:13', '2013-12-05 00:29:13'),
(43, 'Libertador', 4, '2013-12-05 00:29:13', '2013-12-05 00:29:13'),
(44, 'Mario Briceño Iragorry', 4, '2013-12-05 00:29:13', '2013-12-05 00:29:13'),
(45, 'Ocumare de la Costa de Oro', 4, '2013-12-05 00:29:13', '2013-12-05 00:29:13'),
(46, 'San Casimiro', 4, '2013-12-05 00:29:13', '2013-12-05 00:29:13'),
(47, 'San Sebastián', 4, '2013-12-05 00:29:13', '2013-12-05 00:29:13'),
(48, 'Santiago Mariño', 4, '2013-12-05 00:29:13', '2013-12-05 00:29:13'),
(49, 'Santos Michelena', 4, '2013-12-05 00:29:13', '2013-12-05 00:29:13'),
(50, 'Sucre', 4, '2013-12-05 00:29:13', '2013-12-05 00:29:13'),
(51, 'Tovar', 4, '2013-12-05 00:29:13', '2013-12-05 00:29:13'),
(52, 'Urdaneta', 4, '2013-12-05 00:29:13', '2013-12-05 00:29:13'),
(53, 'Zamora', 4, '2013-12-05 00:29:13', '2013-12-05 00:29:13'),
(54, 'Alberto Arvelo Torrealba', 5, '2013-12-05 00:29:13', '2013-12-05 00:29:13'),
(55, 'Andrés Eloy Blanco', 5, '2013-12-05 00:29:13', '2013-12-05 00:29:13'),
(56, 'Antonio José de Sucre', 5, '2013-12-05 00:29:13', '2013-12-05 00:29:13'),
(57, 'Arismendi', 5, '2013-12-05 00:29:13', '2013-12-05 00:29:13'),
(58, 'Barinas', 5, '2013-12-05 00:29:13', '2013-12-05 00:29:13'),
(59, 'Bolívar', 5, '2013-12-05 00:29:13', '2013-12-05 00:29:13'),
(60, 'Cruz Paredes', 5, '2013-12-05 00:29:13', '2013-12-05 00:29:13'),
(61, 'Ezequiel Zamora', 5, '2013-12-05 00:29:13', '2013-12-05 00:29:13'),
(62, 'Obispos', 5, '2013-12-05 00:29:13', '2013-12-05 00:29:13'),
(63, 'Pedraza', 5, '2013-12-05 00:29:13', '2013-12-05 00:29:13'),
(64, 'Rojas', 5, '2013-12-05 00:29:13', '2013-12-05 00:29:13'),
(65, 'Sosa', 5, '2013-12-05 00:29:13', '2013-12-05 00:29:13'),
(66, 'Caroní', 6, '2013-12-05 00:29:13', '2013-12-05 00:29:13'),
(67, 'Cedeño', 6, '2013-12-05 00:29:13', '2013-12-05 00:29:13'),
(68, 'El Callao', 6, '2013-12-05 00:29:13', '2013-12-05 00:29:13'),
(69, 'Gran Sabana', 6, '2013-12-05 00:29:13', '2013-12-05 00:29:13'),
(70, 'Heres', 6, '2013-12-05 00:29:13', '2013-12-05 00:29:13'),
(71, 'Piar', 6, '2013-12-05 00:29:13', '2013-12-05 00:29:13'),
(72, 'Angostura (Raúl Leoni)', 6, '2013-12-05 00:29:13', '2013-12-05 00:29:13'),
(73, 'Roscio', 6, '2013-12-05 00:29:13', '2013-12-05 00:29:13'),
(74, 'Sifontes', 6, '2013-12-05 00:29:13', '2013-12-05 00:29:13'),
(75, 'Sucre', 6, '2013-12-05 00:29:13', '2013-12-05 00:29:13'),
(76, 'Padre Pedro Chien', 6, '2013-12-05 00:29:13', '2013-12-05 00:29:13'),
(77, 'Bejuma', 7, '2013-12-05 00:29:13', '2013-12-05 00:29:13'),
(78, 'Carlos Arvelo', 7, '2013-12-05 00:29:13', '2013-12-05 00:29:13'),
(79, 'Diego Ibarra', 7, '2013-12-05 00:29:13', '2013-12-05 00:29:13'),
(80, 'Guacara', 7, '2013-12-05 00:29:13', '2013-12-05 00:29:13'),
(81, 'Juan José Mora', 7, '2013-12-05 00:29:13', '2013-12-05 00:29:13'),
(82, 'Libertador', 7, '2013-12-05 00:29:13', '2013-12-05 00:29:13'),
(83, 'Los Guayos', 7, '2013-12-05 00:29:13', '2013-12-05 00:29:13'),
(84, 'Miranda', 7, '2013-12-05 00:29:13', '2013-12-05 00:29:13'),
(85, 'Montalbán', 7, '2013-12-05 00:29:13', '2013-12-05 00:29:13'),
(86, 'Naguanagua', 7, '2013-12-05 00:29:13', '2013-12-05 00:29:13'),
(87, 'Puerto Cabello', 7, '2013-12-05 00:29:13', '2013-12-05 00:29:13'),
(88, 'San Diego', 7, '2013-12-05 00:29:13', '2013-12-05 00:29:13'),
(89, 'San Joaquín', 7, '2013-12-05 00:29:13', '2013-12-05 00:29:13'),
(90, 'Valencia', 7, '2013-12-05 00:29:13', '2013-12-05 00:29:13'),
(91, 'Anzoátegui', 8, '2013-12-05 00:29:13', '2013-12-05 00:29:13'),
(92, 'Tinaquillo', 8, '2013-12-05 00:29:13', '2013-12-05 00:29:13'),
(93, 'Girardot', 8, '2013-12-05 00:29:13', '2013-12-05 00:29:13'),
(94, 'Lima Blanco', 8, '2013-12-05 00:29:13', '2013-12-05 00:29:13'),
(95, 'Pao de San Juan Bautista', 8, '2013-12-05 00:29:13', '2013-12-05 00:29:13'),
(96, 'Ricaurte', 8, '2013-12-05 00:29:13', '2013-12-05 00:29:13'),
(97, 'Rómulo Gallegos', 8, '2013-12-05 00:29:13', '2013-12-05 00:29:13'),
(98, 'San Carlos', 8, '2013-12-05 00:29:13', '2013-12-05 00:29:13'),
(99, 'Tinaco', 8, '2013-12-05 00:29:13', '2013-12-05 00:29:13'),
(100, 'Antonio Díaz', 9, '2013-12-05 00:29:13', '2013-12-05 00:29:13'),
(101, 'Casacoima', 9, '2013-12-05 00:29:13', '2013-12-05 00:29:13'),
(102, 'Pedernales', 9, '2013-12-05 00:29:13', '2013-12-05 00:29:13'),
(103, 'Tucupita', 9, '2013-12-05 00:29:13', '2013-12-05 00:29:13'),
(104, 'Acosta', 10, '2013-12-05 00:29:13', '2013-12-05 00:29:13'),
(105, 'Bolívar', 10, '2013-12-05 00:29:13', '2013-12-05 00:29:13'),
(106, 'Buchivacoa', 10, '2013-12-05 00:29:13', '2013-12-05 00:29:13'),
(107, 'Cacique Manaure', 10, '2013-12-05 00:29:13', '2013-12-05 00:29:13'),
(108, 'Carirubana', 10, '2013-12-05 00:29:13', '2013-12-05 00:29:13'),
(109, 'Colina', 10, '2013-12-05 00:29:13', '2013-12-05 00:29:13'),
(110, 'Dabajuro', 10, '2013-12-05 00:29:13', '2013-12-05 00:29:13'),
(111, 'Democracia', 10, '2013-12-05 00:29:13', '2013-12-05 00:29:13'),
(112, 'Falcón', 10, '2013-12-05 00:29:13', '2013-12-05 00:29:13'),
(113, 'Federación', 10, '2013-12-05 00:29:13', '2013-12-05 00:29:13'),
(114, 'Jacura', 10, '2013-12-05 00:29:13', '2013-12-05 00:29:13'),
(115, 'José Laurencio Silva', 10, '2013-12-05 00:29:13', '2013-12-05 00:29:13'),
(116, 'Los Taques', 10, '2013-12-05 00:29:13', '2013-12-05 00:29:13'),
(117, 'Mauroa', 10, '2013-12-05 00:29:13', '2013-12-05 00:29:13'),
(118, 'Miranda', 10, '2013-12-05 00:29:13', '2013-12-05 00:29:13'),
(119, 'Monseñor Iturriza', 10, '2013-12-05 00:29:13', '2013-12-05 00:29:13'),
(120, 'Palmasola', 10, '2013-12-05 00:29:13', '2013-12-05 00:29:13'),
(121, 'Petit', 10, '2013-12-05 00:29:13', '2013-12-05 00:29:13'),
(122, 'Píritu', 10, '2013-12-05 00:29:13', '2013-12-05 00:29:13'),
(123, 'San Francisco', 10, '2013-12-05 00:29:13', '2013-12-05 00:29:13'),
(124, 'Sucre', 10, '2013-12-05 00:29:13', '2013-12-05 00:29:13'),
(125, 'Tocópero', 10, '2013-12-05 00:29:13', '2013-12-05 00:29:13'),
(126, 'Unión', 10, '2013-12-05 00:29:13', '2013-12-05 00:29:13'),
(127, 'Urumaco', 10, '2013-12-05 00:29:13', '2013-12-05 00:29:13'),
(128, 'Zamora', 10, '2013-12-05 00:29:13', '2013-12-05 00:29:13'),
(129, 'Camaguán', 11, '2013-12-05 00:29:13', '2013-12-05 00:29:13'),
(130, 'Chaguaramas', 11, '2013-12-05 00:29:13', '2013-12-05 00:29:13'),
(131, 'El Socorro', 11, '2013-12-05 00:29:13', '2013-12-05 00:29:13'),
(132, 'José Félix Ribas', 11, '2013-12-05 00:29:13', '2013-12-05 00:29:13'),
(133, 'José Tadeo Monagas', 11, '2013-12-05 00:29:13', '2013-12-05 00:29:13'),
(134, 'Juan Germán Roscio', 11, '2013-12-05 00:29:13', '2013-12-05 00:29:13'),
(135, 'Julián Mellado', 11, '2013-12-05 00:29:13', '2013-12-05 00:29:13'),
(136, 'Las Mercedes', 11, '2013-12-05 00:29:13', '2013-12-05 00:29:13'),
(137, 'Leonardo Infante', 11, '2013-12-05 00:29:13', '2013-12-05 00:29:13'),
(138, 'Pedro Zaraza', 11, '2013-12-05 00:29:13', '2013-12-05 00:29:13'),
(139, 'Ortiz', 11, '2013-12-05 00:29:13', '2013-12-05 00:29:13'),
(140, 'San Gerónimo de Guayabal', 11, '2013-12-05 00:29:13', '2013-12-05 00:29:13'),
(141, 'San José de Guaribe', 11, '2013-12-05 00:29:13', '2013-12-05 00:29:13'),
(142, 'Santa María de Ipire', 11, '2013-12-05 00:29:13', '2013-12-05 00:29:13'),
(143, 'Sebastián Francisco de Miranda', 11, '2013-12-05 00:29:13', '2013-12-05 00:29:13'),
(144, 'Andrés Eloy Blanco', 12, '2013-12-05 00:29:13', '2013-12-05 00:29:13'),
(145, 'Crespo', 12, '2013-12-05 00:29:13', '2013-12-05 00:29:13'),
(146, 'Iribarren', 12, '2013-12-05 00:29:13', '2013-12-05 00:29:13'),
(147, 'Jiménez', 12, '2013-12-05 00:29:13', '2013-12-05 00:29:13'),
(148, 'Morán', 12, '2013-12-05 00:29:13', '2013-12-05 00:29:13'),
(149, 'Palavecino', 12, '2013-12-05 00:29:13', '2013-12-05 00:29:13'),
(150, 'Simón Planas', 12, '2013-12-05 00:29:13', '2013-12-05 00:29:13'),
(151, 'Torres', 12, '2013-12-05 00:29:13', '2013-12-05 00:29:13'),
(152, 'Urdaneta', 12, '2013-12-05 00:29:13', '2013-12-05 00:29:13'),
(179, 'Alberto Adriani', 13, '2013-12-05 00:29:13', '2013-12-05 00:29:13'),
(180, 'Andrés Bello', 13, '2013-12-05 00:29:13', '2013-12-05 00:29:13'),
(181, 'Antonio Pinto Salinas', 13, '2013-12-05 00:29:13', '2013-12-05 00:29:13'),
(182, 'Aricagua', 13, '2013-12-05 00:29:13', '2013-12-05 00:29:13'),
(183, 'Arzobispo Chacón', 13, '2013-12-05 00:29:13', '2013-12-05 00:29:13'),
(184, 'Campo Elías', 13, '2013-12-05 00:29:13', '2013-12-05 00:29:13'),
(185, 'Caracciolo Parra Olmedo', 13, '2013-12-05 00:29:13', '2013-12-05 00:29:13'),
(186, 'Cardenal Quintero', 13, '2013-12-05 00:29:13', '2013-12-05 00:29:13'),
(187, 'Guaraque', 13, '2013-12-05 00:29:13', '2013-12-05 00:29:13'),
(188, 'Julio César Salas', 13, '2013-12-05 00:29:13', '2013-12-05 00:29:13'),
(189, 'Justo Briceño', 13, '2013-12-05 00:29:13', '2013-12-05 00:29:13'),
(190, 'Libertador', 13, '2013-12-05 00:29:13', '2013-12-05 00:29:13'),
(191, 'Miranda', 13, '2013-12-05 00:29:13', '2013-12-05 00:29:13'),
(192, 'Obispo Ramos de Lora', 13, '2013-12-05 00:29:13', '2013-12-05 00:29:13'),
(193, 'Padre Noguera', 13, '2013-12-05 00:29:13', '2013-12-05 00:29:13'),
(194, 'Pueblo Llano', 13, '2013-12-05 00:29:13', '2013-12-05 00:29:13'),
(195, 'Rangel', 13, '2013-12-05 00:29:13', '2013-12-05 00:29:13'),
(196, 'Rivas Dávila', 13, '2013-12-05 00:29:13', '2013-12-05 00:29:13'),
(197, 'Santos Marquina', 13, '2013-12-05 00:29:13', '2013-12-05 00:29:13'),
(198, 'Sucre', 13, '2013-12-05 00:29:13', '2013-12-05 00:29:13'),
(199, 'Tovar', 13, '2013-12-05 00:29:13', '2013-12-05 00:29:13'),
(200, 'Tulio Febres Cordero', 13, '2013-12-05 00:29:13', '2013-12-05 00:29:13'),
(201, 'Zea', 13, '2013-12-05 00:29:13', '2013-12-05 00:29:13'),
(223, 'Acevedo', 14, '2013-12-05 00:29:13', '2013-12-05 00:29:13'),
(224, 'Andrés Bello', 14, '2013-12-05 00:29:13', '2013-12-05 00:29:13'),
(225, 'Baruta', 14, '2013-12-05 00:29:13', '2013-12-05 00:29:13'),
(226, 'Brión', 14, '2013-12-05 00:29:13', '2013-12-05 00:29:13'),
(227, 'Buroz', 14, '2013-12-05 00:29:13', '2013-12-05 00:29:13'),
(228, 'Carrizal', 14, '2013-12-05 00:29:13', '2013-12-05 00:29:13'),
(229, 'Chacao', 14, '2013-12-05 00:29:13', '2013-12-05 00:29:13'),
(230, 'Cristóbal Rojas', 14, '2013-12-05 00:29:13', '2013-12-05 00:29:13'),
(231, 'El Hatillo', 14, '2013-12-05 00:29:13', '2013-12-05 00:29:13'),
(232, 'Guaicaipuro', 14, '2013-12-05 00:29:13', '2013-12-05 00:29:13'),
(233, 'Independencia', 14, '2013-12-05 00:29:13', '2013-12-05 00:29:13'),
(234, 'Lander', 14, '2013-12-05 00:29:13', '2013-12-05 00:29:13'),
(235, 'Los Salias', 14, '2013-12-05 00:29:13', '2013-12-05 00:29:13'),
(236, 'Páez', 14, '2013-12-05 00:29:13', '2013-12-05 00:29:13'),
(237, 'Paz Castillo', 14, '2013-12-05 00:29:13', '2013-12-05 00:29:13'),
(238, 'Pedro Gual', 14, '2013-12-05 00:29:13', '2013-12-05 00:29:13'),
(239, 'Plaza', 14, '2013-12-05 00:29:13', '2013-12-05 00:29:13'),
(240, 'Simón Bolívar', 14, '2013-12-05 00:29:13', '2013-12-05 00:29:13'),
(241, 'Sucre', 14, '2013-12-05 00:29:13', '2013-12-05 00:29:13'),
(242, 'Urdaneta', 14, '2013-12-05 00:29:13', '2013-12-05 00:29:13'),
(243, 'Zamora', 14, '2013-12-05 00:29:13', '2013-12-05 00:29:13'),
(258, 'Acosta', 15, '2013-12-05 00:29:13', '2013-12-05 00:29:13'),
(259, 'Aguasay', 15, '2013-12-05 00:29:13', '2013-12-05 00:29:13'),
(260, 'Bolívar', 15, '2013-12-05 00:29:13', '2013-12-05 00:29:13'),
(261, 'Caripe', 15, '2013-12-05 00:29:13', '2013-12-05 00:29:13'),
(262, 'Cedeño', 15, '2013-12-05 00:29:13', '2013-12-05 00:29:13'),
(263, 'Ezequiel Zamora', 15, '2013-12-05 00:29:13', '2013-12-05 00:29:13'),
(264, 'Libertador', 15, '2013-12-05 00:29:13', '2013-12-05 00:29:13'),
(265, 'Maturín', 15, '2013-12-05 00:29:13', '2013-12-05 00:29:13'),
(266, 'Piar', 15, '2013-12-05 00:29:13', '2013-12-05 00:29:13'),
(267, 'Punceres', 15, '2013-12-05 00:29:13', '2013-12-05 00:29:13'),
(268, 'Santa Bárbara', 15, '2013-12-05 00:29:13', '2013-12-05 00:29:13'),
(269, 'Sotillo', 15, '2013-12-05 00:29:13', '2013-12-05 00:29:13'),
(270, 'Uracoa', 15, '2013-12-05 00:29:13', '2013-12-05 00:29:13'),
(271, 'Antolín del Campo', 16, '2013-12-05 00:29:13', '2013-12-05 00:29:13'),
(272, 'Arismendi', 16, '2013-12-05 00:29:13', '2013-12-05 00:29:13'),
(273, 'García', 16, '2013-12-05 00:29:13', '2013-12-05 00:29:13'),
(274, 'Gómez', 16, '2013-12-05 00:29:13', '2013-12-05 00:29:13'),
(275, 'Maneiro', 16, '2013-12-05 00:29:13', '2013-12-05 00:29:13'),
(276, 'Marcano', 16, '2013-12-05 00:29:13', '2013-12-05 00:29:13'),
(277, 'Mariño', 16, '2013-12-05 00:29:13', '2013-12-05 00:29:13'),
(278, 'Península de Macanao', 16, '2013-12-05 00:29:13', '2013-12-05 00:29:13'),
(279, 'Tubores', 16, '2013-12-05 00:29:13', '2013-12-05 00:29:13'),
(280, 'Villalba', 16, '2013-12-05 00:29:13', '2013-12-05 00:29:13'),
(281, 'Díaz', 16, '2013-12-05 00:29:13', '2013-12-05 00:29:13'),
(282, 'Agua Blanca', 17, '2013-12-05 00:29:13', '2013-12-05 00:29:13'),
(283, 'Araure', 17, '2013-12-05 00:29:13', '2013-12-05 00:29:13'),
(284, 'Esteller', 17, '2013-12-05 00:29:13', '2013-12-05 00:29:13'),
(285, 'Guanare', 17, '2013-12-05 00:29:13', '2013-12-05 00:29:13'),
(286, 'Guanarito', 17, '2013-12-05 00:29:13', '2013-12-05 00:29:13'),
(287, 'Monseñor José Vicente de Unda', 17, '2013-12-05 00:29:13', '2013-12-05 00:29:13'),
(288, 'Ospino', 17, '2013-12-05 00:29:13', '2013-12-05 00:29:13'),
(289, 'Páez', 17, '2013-12-05 00:29:13', '2013-12-05 00:29:13'),
(290, 'Papelón', 17, '2013-12-05 00:29:13', '2013-12-05 00:29:13'),
(291, 'San Genaro de Boconoíto', 17, '2013-12-05 00:29:13', '2013-12-05 00:29:13'),
(292, 'San Rafael de Onoto', 17, '2013-12-05 00:29:13', '2013-12-05 00:29:13'),
(293, 'Santa Rosalía', 17, '2013-12-05 00:29:13', '2013-12-05 00:29:13'),
(294, 'Sucre', 17, '2013-12-05 00:29:13', '2013-12-05 00:29:13'),
(295, 'Turén', 17, '2013-12-05 00:29:13', '2013-12-05 00:29:13'),
(296, 'Andrés Eloy Blanco', 18, '2013-12-05 00:29:13', '2013-12-05 00:29:13'),
(297, 'Andrés Mata', 18, '2013-12-05 00:29:13', '2013-12-05 00:29:13'),
(298, 'Arismendi', 18, '2013-12-05 00:29:13', '2013-12-05 00:29:13'),
(299, 'Benítez', 18, '2013-12-05 00:29:13', '2013-12-05 00:29:13'),
(300, 'Bermúdez', 18, '2013-12-05 00:29:13', '2013-12-05 00:29:13'),
(301, 'Bolívar', 18, '2013-12-05 00:29:13', '2013-12-05 00:29:13'),
(302, 'Cajigal', 18, '2013-12-05 00:29:13', '2013-12-05 00:29:13'),
(303, 'Cruz Salmerón Acosta', 18, '2013-12-05 00:29:14', '2013-12-05 00:29:14'),
(304, 'Libertador', 18, '2013-12-05 00:29:14', '2013-12-05 00:29:14'),
(305, 'Mariño', 18, '2013-12-05 00:29:14', '2013-12-05 00:29:14'),
(306, 'Mejía', 18, '2013-12-05 00:29:14', '2013-12-05 00:29:14'),
(307, 'Montes', 18, '2013-12-05 00:29:14', '2013-12-05 00:29:14'),
(308, 'Ribero', 18, '2013-12-05 00:29:14', '2013-12-05 00:29:14'),
(309, 'Sucre', 18, '2013-12-05 00:29:14', '2013-12-05 00:29:14'),
(310, 'Valdez', 18, '2013-12-05 00:29:14', '2013-12-05 00:29:14'),
(341, 'Andrés Bello', 19, '2013-12-05 00:29:14', '2013-12-05 00:29:14'),
(342, 'Antonio Rómulo Costa', 19, '2013-12-05 00:29:14', '2013-12-05 00:29:14'),
(343, 'Ayacucho', 19, '2013-12-05 00:29:14', '2013-12-05 00:29:14'),
(344, 'Bolívar', 19, '2013-12-05 00:29:14', '2013-12-05 00:29:14'),
(345, 'Cárdenas', 19, '2013-12-05 00:29:14', '2013-12-05 00:29:14'),
(346, 'Córdoba', 19, '2013-12-05 00:29:14', '2013-12-05 00:29:14'),
(347, 'Fernández Feo', 19, '2013-12-05 00:29:14', '2013-12-05 00:29:14'),
(348, 'Francisco de Miranda', 19, '2013-12-05 00:29:14', '2013-12-05 00:29:14'),
(349, 'García de Hevia', 19, '2013-12-05 00:29:14', '2013-12-05 00:29:14'),
(350, 'Guásimos', 19, '2013-12-05 00:29:14', '2013-12-05 00:29:14'),
(351, 'Independencia', 19, '2013-12-05 00:29:14', '2013-12-05 00:29:14'),
(352, 'Jáuregui', 19, '2013-12-05 00:29:14', '2013-12-05 00:29:14'),
(353, 'José María Vargas', 19, '2013-12-05 00:29:14', '2013-12-05 00:29:14'),
(354, 'Junín', 19, '2013-12-05 00:29:14', '2013-12-05 00:29:14'),
(355, 'Libertad', 19, '2013-12-05 00:29:14', '2013-12-05 00:29:14'),
(356, 'Libertador', 19, '2013-12-05 00:29:14', '2013-12-05 00:29:14'),
(357, 'Lobatera', 19, '2013-12-05 00:29:14', '2013-12-05 00:29:14'),
(358, 'Michelena', 19, '2013-12-05 00:29:14', '2013-12-05 00:29:14'),
(359, 'Panamericano', 19, '2013-12-05 00:29:14', '2013-12-05 00:29:14'),
(360, 'Pedro María Ureña', 19, '2013-12-05 00:29:14', '2013-12-05 00:29:14'),
(361, 'Rafael Urdaneta', 19, '2013-12-05 00:29:14', '2013-12-05 00:29:14'),
(362, 'Samuel Darío Maldonado', 19, '2013-12-05 00:29:14', '2013-12-05 00:29:14'),
(363, 'San Cristóbal', 19, '2013-12-05 00:29:14', '2013-12-05 00:29:14'),
(364, 'Seboruco', 19, '2013-12-05 00:29:14', '2013-12-05 00:29:14'),
(365, 'Simón Rodríguez', 19, '2013-12-05 00:29:14', '2013-12-05 00:29:14'),
(366, 'Sucre', 19, '2013-12-05 00:29:14', '2013-12-05 00:29:14'),
(367, 'Torbes', 19, '2013-12-05 00:29:14', '2013-12-05 00:29:14'),
(368, 'Uribante', 19, '2013-12-05 00:29:14', '2013-12-05 00:29:14'),
(369, 'San Judas Tadeo', 19, '2013-12-05 00:29:14', '2013-12-05 00:29:14'),
(370, 'Andrés Bello', 20, '2013-12-05 00:29:14', '2013-12-05 00:29:14'),
(371, 'Boconó', 20, '2013-12-05 00:29:14', '2013-12-05 00:29:14'),
(372, 'Bolívar', 20, '2013-12-05 00:29:14', '2013-12-05 00:29:14'),
(373, 'Candelaria', 20, '2013-12-05 00:29:14', '2013-12-05 00:29:14'),
(374, 'Carache', 20, '2013-12-05 00:29:14', '2013-12-05 00:29:14'),
(375, 'Escuque', 20, '2013-12-05 00:29:14', '2013-12-05 00:29:14'),
(376, 'José Felipe Márquez Cañizalez', 20, '2013-12-05 00:29:14', '2013-12-05 00:29:14'),
(377, 'Juan Vicente Campos Elías', 20, '2013-12-05 00:29:14', '2013-12-05 00:29:14'),
(378, 'La Ceiba', 20, '2013-12-05 00:29:14', '2013-12-05 00:29:14'),
(379, 'Miranda', 20, '2013-12-05 00:29:14', '2013-12-05 00:29:14'),
(380, 'Monte Carmelo', 20, '2013-12-05 00:29:14', '2013-12-05 00:29:14'),
(381, 'Motatán', 20, '2013-12-05 00:29:14', '2013-12-05 00:29:14'),
(382, 'Pampán', 20, '2013-12-05 00:29:14', '2013-12-05 00:29:14'),
(383, 'Pampanito', 20, '2013-12-05 00:29:14', '2013-12-05 00:29:14'),
(384, 'Rafael Rangel', 20, '2013-12-05 00:29:14', '2013-12-05 00:29:14'),
(385, 'San Rafael de Carvajal', 20, '2013-12-05 00:29:14', '2013-12-05 00:29:14'),
(386, 'Sucre', 20, '2013-12-05 00:29:14', '2013-12-05 00:29:14'),
(387, 'Trujillo', 20, '2013-12-05 00:29:14', '2013-12-05 00:29:14'),
(388, 'Urdaneta', 20, '2013-12-05 00:29:14', '2013-12-05 00:29:14'),
(389, 'Valera', 20, '2013-12-05 00:29:14', '2013-12-05 00:29:14'),
(390, 'Vargas', 21, '2013-12-05 00:29:14', '2013-12-05 00:29:14'),
(391, 'Arístides Bastidas', 22, '2013-12-05 00:29:14', '2013-12-05 00:29:14'),
(392, 'Bolívar', 22, '2013-12-05 00:29:14', '2013-12-05 00:29:14'),
(407, 'Bruzual', 22, '2013-12-05 00:29:14', '2013-12-05 00:29:14'),
(408, 'Cocorote', 22, '2013-12-05 00:29:14', '2013-12-05 00:29:14'),
(409, 'Independencia', 22, '2013-12-05 00:29:14', '2013-12-05 00:29:14'),
(410, 'José Antonio Páez', 22, '2013-12-05 00:29:14', '2013-12-05 00:29:14'),
(411, 'La Trinidad', 22, '2013-12-05 00:29:14', '2013-12-05 00:29:14'),
(412, 'Manuel Monge', 22, '2013-12-05 00:29:14', '2013-12-05 00:29:14'),
(413, 'Nirgua', 22, '2013-12-05 00:29:14', '2013-12-05 00:29:14'),
(414, 'Peña', 22, '2013-12-05 00:29:14', '2013-12-05 00:29:14'),
(415, 'San Felipe', 22, '2013-12-05 00:29:14', '2013-12-05 00:29:14'),
(416, 'Sucre', 22, '2013-12-05 00:29:14', '2013-12-05 00:29:14'),
(417, 'Urachiche', 22, '2013-12-05 00:29:14', '2013-12-05 00:29:14'),
(418, 'José Joaquín Veroes', 22, '2013-12-05 00:29:14', '2013-12-05 00:29:14'),
(441, 'Almirante Padilla', 23, '2013-12-05 00:29:14', '2013-12-05 00:29:14'),
(442, 'Baralt', 23, '2013-12-05 00:29:14', '2013-12-05 00:29:14'),
(443, 'Cabimas', 23, '2013-12-05 00:29:14', '2013-12-05 00:29:14'),
(444, 'Catatumbo', 23, '2013-12-05 00:29:14', '2013-12-05 00:29:14'),
(445, 'Colón', 23, '2013-12-05 00:29:14', '2013-12-05 00:29:14'),
(446, 'Francisco Javier Pulgar', 23, '2013-12-05 00:29:14', '2013-12-05 00:29:14'),
(447, 'Páez', 23, '2013-12-05 00:29:14', '2013-12-05 00:29:14'),
(448, 'Jesús Enrique Losada', 23, '2013-12-05 00:29:14', '2013-12-05 00:29:14'),
(449, 'Jesús María Semprún', 23, '2013-12-05 00:29:14', '2013-12-05 00:29:14'),
(450, 'La Cañada de Urdaneta', 23, '2013-12-05 00:29:14', '2013-12-05 00:29:14'),
(451, 'Lagunillas', 23, '2013-12-05 00:29:14', '2013-12-05 00:29:14'),
(452, 'Machiques de Perijá', 23, '2013-12-05 00:29:14', '2013-12-05 00:29:14'),
(453, 'Mara', 23, '2013-12-05 00:29:14', '2013-12-05 00:29:14'),
(454, 'Maracaibo', 23, '2013-12-05 00:29:14', '2013-12-05 00:29:14'),
(455, 'Miranda', 23, '2013-12-05 00:29:14', '2013-12-05 00:29:14'),
(456, 'Rosario de Perijá', 23, '2013-12-05 00:29:14', '2013-12-05 00:29:14'),
(457, 'San Francisco', 23, '2013-12-05 00:29:14', '2013-12-05 00:29:14'),
(458, 'Santa Rita', 23, '2013-12-05 00:29:14', '2013-12-05 00:29:14'),
(459, 'Simón Bolívar', 23, '2013-12-05 00:29:14', '2013-12-05 00:29:14'),
(460, 'Sucre', 23, '2013-12-05 00:29:14', '2013-12-05 00:29:14'),
(461, 'Valmore Rodríguez', 23, '2013-12-05 00:29:14', '2013-12-05 00:29:14'),
(462, 'Libertador', 24, '2013-12-05 00:29:14', '2013-12-05 00:29:14');

-- --------------------------------------------------------

--
-- Table structure for table `paises`
--

CREATE TABLE `paises` (
  `id` int(10) unsigned NOT NULL AUTO_INCREMENT,
  `nombre` varchar(200) COLLATE utf8_unicode_ci NOT NULL,
  `created_at` timestamp NOT NULL DEFAULT '0000-00-00 00:00:00',
  `updated_at` timestamp NOT NULL DEFAULT '0000-00-00 00:00:00',
  PRIMARY KEY (`id`)
) ENGINE=InnoDB  DEFAULT CHARSET=utf8 COLLATE=utf8_unicode_ci AUTO_INCREMENT=863 ;

--
-- Dumping data for table `paises`
--

INSERT INTO `paises` (`id`, `nombre`, `created_at`, `updated_at`) VALUES
(862, 'Venezuela', '2013-12-05 00:29:13', '2013-12-05 00:29:13');

-- --------------------------------------------------------

--
-- Table structure for table `profesiones`
--

CREATE TABLE `profesiones` (
  `id` int(10) unsigned NOT NULL AUTO_INCREMENT,
  `nombre` varchar(200) COLLATE utf8_unicode_ci NOT NULL,
  `created_at` timestamp NOT NULL DEFAULT '0000-00-00 00:00:00',
  `updated_at` timestamp NOT NULL DEFAULT '0000-00-00 00:00:00',
  PRIMARY KEY (`id`)
) ENGINE=InnoDB  DEFAULT CHARSET=utf8 COLLATE=utf8_unicode_ci AUTO_INCREMENT=169 ;

--
-- Dumping data for table `profesiones`
--

INSERT INTO `profesiones` (`id`, `nombre`, `created_at`, `updated_at`) VALUES
(1, 'Administración y Gerencia', '2013-10-23 05:08:13', '2013-10-23 05:08:13'),
(2, 'Agronomía y Veterinaria', '2013-10-23 05:08:13', '2013-10-23 05:08:13'),
(3, 'Albañiles y Obreros', '2013-10-23 05:08:13', '2013-10-23 05:08:13'),
(4, 'Arquitectura y Construcción', '2013-10-23 05:08:13', '2013-10-23 05:08:13'),
(5, 'Arte y Cultura', '2013-10-23 05:08:13', '2013-10-23 05:08:13'),
(6, 'Belleza y Estética', '2013-10-23 05:08:13', '2013-10-23 05:08:13'),
(7, 'Bienestar Social', '2013-10-23 05:08:13', '2013-10-23 05:08:13'),
(8, 'Carpinteros y Tapiceros', '2013-10-23 05:08:13', '2013-10-23 05:08:13'),
(9, 'Cerrajeros', '2013-10-23 05:08:13', '2013-10-23 05:08:13'),
(10, 'Cocineras(os)', '2013-10-23 05:08:13', '2013-10-23 05:08:13'),
(11, 'Comercio Exterior y Rel.Internacionales', '2013-10-23 05:08:13', '2013-10-23 05:08:13'),
(12, 'Compras', '2013-10-23 05:08:13', '2013-10-23 05:08:13'),
(13, 'Comunicación Social y Rel. Públicas', '2013-10-23 05:08:13', '2013-10-23 05:08:13'),
(14, 'Conductores y Chóferes', '2013-10-23 05:08:13', '2013-10-23 05:08:13'),
(15, 'Conserjes y Trabajo del Hogar', '2013-10-23 05:08:13', '2013-10-23 05:08:13'),
(16, 'Consultoría', '2013-10-23 05:08:13', '2013-10-23 05:08:13'),
(17, 'Contabilidad y Auditoría', '2013-10-23 05:08:13', '2013-10-23 05:08:13'),
(18, 'Costureras y Sastres', '2013-10-23 05:08:13', '2013-10-23 05:08:13'),
(19, 'Cuidado de Adultos y Niños', '2013-10-23 05:08:13', '2013-10-23 05:08:13'),
(20, 'Deportes', '2013-10-23 05:08:13', '2013-10-23 05:08:13'),
(21, 'Diseño', '2013-10-23 05:08:13', '2013-10-23 05:08:13'),
(22, 'Economía, Banca, Finanzas y Seguros', '2013-10-23 05:08:13', '2013-10-23 05:08:13'),
(23, 'Educación', '2013-10-23 05:08:13', '2013-10-23 05:08:13'),
(24, 'Electricistas y similares', '2013-10-23 05:08:13', '2013-10-23 05:08:13'),
(25, 'Electrónica y Telecomunicaciones', '2013-10-23 05:08:13', '2013-10-23 05:08:13'),
(26, 'Fotógrafos', '2013-10-23 05:08:13', '2013-10-23 05:08:13'),
(27, 'Hotelería, Viajes y Turismo', '2013-10-23 05:08:13', '2013-10-23 05:08:13'),
(28, 'Idiomas', '2013-10-23 05:08:13', '2013-10-23 05:08:13'),
(29, 'Informática y Sistemas', '2013-10-23 05:08:13', '2013-10-23 05:08:13'),
(30, 'Internet y Comercio Electrónico', '2013-10-23 05:08:13', '2013-10-23 05:08:13'),
(31, 'Investigación y Desarrollo', '2013-10-23 05:08:13', '2013-10-23 05:08:13'),
(32, 'Jardineros', '2013-10-23 05:08:13', '2013-10-23 05:08:13'),
(33, 'Legal', '2013-10-23 05:08:13', '2013-10-23 05:08:13'),
(34, 'Limpieza, lavado y planchado', '2013-10-23 05:08:13', '2013-10-23 05:08:13'),
(35, 'Logística, Distribución y Almacenamiento', '2013-10-23 05:08:13', '2013-10-23 05:08:13'),
(36, 'Mecánicos y Latoneros', '2013-10-23 05:08:13', '2013-10-23 05:08:13'),
(37, 'Mensajeros y Motorizados', '2013-10-23 05:08:13', '2013-10-23 05:08:13'),
(38, 'Mercadeo y Publicidad', '2013-10-23 05:08:13', '2013-10-23 05:08:13'),
(39, 'Meseros(as) y Bartender', '2013-10-23 05:08:13', '2013-10-23 05:08:13'),
(40, 'Organización y Métodos', '2013-10-23 05:08:13', '2013-10-23 05:08:13'),
(41, 'Otros empleos', '2013-10-23 05:08:13', '2013-10-23 05:08:13'),
(42, 'Otros estudiantes', '2013-10-23 05:08:13', '2013-10-23 05:08:13'),
(43, 'Otros profesionales', '2013-10-23 05:08:13', '2013-10-23 05:08:13'),
(44, 'Pasantes, Practicantes o Becarios', '2013-10-23 05:08:13', '2013-10-23 05:08:13'),
(45, 'Petróleo, Minería y Gas', '2013-10-23 05:08:13', '2013-10-23 05:08:13'),
(46, 'Pintores', '2013-10-23 05:08:13', '2013-10-23 05:08:13'),
(47, 'Plomeros', '2013-10-23 05:08:13', '2013-10-23 05:08:13'),
(48, 'Producción, Operaciones y Mantenimiento', '2013-10-23 05:08:13', '2013-10-23 05:08:13'),
(49, 'Promotores y Modelos', '2013-10-23 05:08:13', '2013-10-23 05:08:13'),
(50, 'Recursos Humanos', '2013-10-23 05:08:13', '2013-10-23 05:08:13'),
(51, 'Salud', '2013-10-23 05:08:13', '2013-10-23 05:08:13'),
(52, 'Secretarias, Cajeros y Oficinistas', '2013-10-23 05:08:13', '2013-10-23 05:08:13'),
(53, 'Seguridad Industrial y Medio Ambiente', '2013-10-23 05:08:13', '2013-10-23 05:08:13'),
(54, 'Soldadores, herreros y torneros', '2013-10-23 05:08:13', '2013-10-23 05:08:13'),
(55, 'Ventas', '2013-10-23 05:08:13', '2013-10-23 05:08:13'),
(56, 'Vigilancia y Escolta', '2013-10-23 05:08:13', '2013-10-23 05:08:13'),
(57, 'Administración y Gerencia', '2013-12-04 22:15:10', '2013-12-04 22:15:10'),
(58, 'Agronomía y Veterinaria', '2013-12-04 22:15:10', '2013-12-04 22:15:10'),
(59, 'Albañiles y Obreros', '2013-12-04 22:15:10', '2013-12-04 22:15:10'),
(60, 'Arquitectura y Construcción', '2013-12-04 22:15:10', '2013-12-04 22:15:10'),
(61, 'Arte y Cultura', '2013-12-04 22:15:10', '2013-12-04 22:15:10'),
(62, 'Belleza y Estética', '2013-12-04 22:15:10', '2013-12-04 22:15:10'),
(63, 'Bienestar Social', '2013-12-04 22:15:10', '2013-12-04 22:15:10'),
(64, 'Carpinteros y Tapiceros', '2013-12-04 22:15:10', '2013-12-04 22:15:10'),
(65, 'Cerrajeros', '2013-12-04 22:15:10', '2013-12-04 22:15:10'),
(66, 'Cocineras(os)', '2013-12-04 22:15:10', '2013-12-04 22:15:10'),
(67, 'Comercio Exterior y Rel.Internacionales', '2013-12-04 22:15:10', '2013-12-04 22:15:10'),
(68, 'Compras', '2013-12-04 22:15:10', '2013-12-04 22:15:10'),
(69, 'Comunicación Social y Rel. Públicas', '2013-12-04 22:15:10', '2013-12-04 22:15:10'),
(70, 'Conductores y Chóferes', '2013-12-04 22:15:10', '2013-12-04 22:15:10'),
(71, 'Conserjes y Trabajo del Hogar', '2013-12-04 22:15:10', '2013-12-04 22:15:10'),
(72, 'Consultoría', '2013-12-04 22:15:10', '2013-12-04 22:15:10'),
(73, 'Contabilidad y Auditoría', '2013-12-04 22:15:10', '2013-12-04 22:15:10'),
(74, 'Costureras y Sastres', '2013-12-04 22:15:10', '2013-12-04 22:15:10'),
(75, 'Cuidado de Adultos y Niños', '2013-12-04 22:15:10', '2013-12-04 22:15:10'),
(76, 'Deportes', '2013-12-04 22:15:10', '2013-12-04 22:15:10'),
(77, 'Diseño', '2013-12-04 22:15:10', '2013-12-04 22:15:10'),
(78, 'Economía, Banca, Finanzas y Seguros', '2013-12-04 22:15:10', '2013-12-04 22:15:10'),
(79, 'Educación', '2013-12-04 22:15:10', '2013-12-04 22:15:10'),
(80, 'Electricistas y similares', '2013-12-04 22:15:10', '2013-12-04 22:15:10'),
(81, 'Electrónica y Telecomunicaciones', '2013-12-04 22:15:10', '2013-12-04 22:15:10'),
(82, 'Fotógrafos', '2013-12-04 22:15:10', '2013-12-04 22:15:10'),
(83, 'Hotelería, Viajes y Turismo', '2013-12-04 22:15:10', '2013-12-04 22:15:10'),
(84, 'Idiomas', '2013-12-04 22:15:10', '2013-12-04 22:15:10'),
(85, 'Informática y Sistemas', '2013-12-04 22:15:10', '2013-12-04 22:15:10'),
(86, 'Internet y Comercio Electrónico', '2013-12-04 22:15:10', '2013-12-04 22:15:10'),
(87, 'Investigación y Desarrollo', '2013-12-04 22:15:10', '2013-12-04 22:15:10'),
(88, 'Jardineros', '2013-12-04 22:15:10', '2013-12-04 22:15:10'),
(89, 'Legal', '2013-12-04 22:15:10', '2013-12-04 22:15:10'),
(90, 'Limpieza, lavado y planchado', '2013-12-04 22:15:10', '2013-12-04 22:15:10'),
(91, 'Logística, Distribución y Almacenamiento', '2013-12-04 22:15:10', '2013-12-04 22:15:10'),
(92, 'Mecánicos y Latoneros', '2013-12-04 22:15:10', '2013-12-04 22:15:10'),
(93, 'Mensajeros y Motorizados', '2013-12-04 22:15:10', '2013-12-04 22:15:10'),
(94, 'Mercadeo y Publicidad', '2013-12-04 22:15:10', '2013-12-04 22:15:10'),
(95, 'Meseros(as) y Bartender', '2013-12-04 22:15:10', '2013-12-04 22:15:10'),
(96, 'Organización y Métodos', '2013-12-04 22:15:10', '2013-12-04 22:15:10'),
(97, 'Otros empleos', '2013-12-04 22:15:10', '2013-12-04 22:15:10'),
(98, 'Otros estudiantes', '2013-12-04 22:15:10', '2013-12-04 22:15:10'),
(99, 'Otros profesionales', '2013-12-04 22:15:10', '2013-12-04 22:15:10'),
(100, 'Pasantes, Practicantes o Becarios', '2013-12-04 22:15:10', '2013-12-04 22:15:10'),
(101, 'Petróleo, Minería y Gas', '2013-12-04 22:15:10', '2013-12-04 22:15:10'),
(102, 'Pintores', '2013-12-04 22:15:10', '2013-12-04 22:15:10'),
(103, 'Plomeros', '2013-12-04 22:15:10', '2013-12-04 22:15:10'),
(104, 'Producción, Operaciones y Mantenimiento', '2013-12-04 22:15:10', '2013-12-04 22:15:10'),
(105, 'Promotores y Modelos', '2013-12-04 22:15:10', '2013-12-04 22:15:10'),
(106, 'Recursos Humanos', '2013-12-04 22:15:10', '2013-12-04 22:15:10'),
(107, 'Salud', '2013-12-04 22:15:10', '2013-12-04 22:15:10'),
(108, 'Secretarias, Cajeros y Oficinistas', '2013-12-04 22:15:10', '2013-12-04 22:15:10'),
(109, 'Seguridad Industrial y Medio Ambiente', '2013-12-04 22:15:10', '2013-12-04 22:15:10'),
(110, 'Soldadores, herreros y torneros', '2013-12-04 22:15:10', '2013-12-04 22:15:10'),
(111, 'Ventas', '2013-12-04 22:15:10', '2013-12-04 22:15:10'),
(112, 'Vigilancia y Escolta', '2013-12-04 22:15:10', '2013-12-04 22:15:10'),
(113, 'Administración y Gerencia', '2013-12-05 00:29:13', '2013-12-05 00:29:13'),
(114, 'Agronomía y Veterinaria', '2013-12-05 00:29:13', '2013-12-05 00:29:13'),
(115, 'Albañiles y Obreros', '2013-12-05 00:29:13', '2013-12-05 00:29:13'),
(116, 'Arquitectura y Construcción', '2013-12-05 00:29:13', '2013-12-05 00:29:13'),
(117, 'Arte y Cultura', '2013-12-05 00:29:13', '2013-12-05 00:29:13'),
(118, 'Belleza y Estética', '2013-12-05 00:29:13', '2013-12-05 00:29:13'),
(119, 'Bienestar Social', '2013-12-05 00:29:13', '2013-12-05 00:29:13'),
(120, 'Carpinteros y Tapiceros', '2013-12-05 00:29:13', '2013-12-05 00:29:13'),
(121, 'Cerrajeros', '2013-12-05 00:29:13', '2013-12-05 00:29:13'),
(122, 'Cocineras(os)', '2013-12-05 00:29:13', '2013-12-05 00:29:13'),
(123, 'Comercio Exterior y Rel.Internacionales', '2013-12-05 00:29:13', '2013-12-05 00:29:13'),
(124, 'Compras', '2013-12-05 00:29:13', '2013-12-05 00:29:13'),
(125, 'Comunicación Social y Rel. Públicas', '2013-12-05 00:29:13', '2013-12-05 00:29:13'),
(126, 'Conductores y Chóferes', '2013-12-05 00:29:13', '2013-12-05 00:29:13'),
(127, 'Conserjes y Trabajo del Hogar', '2013-12-05 00:29:13', '2013-12-05 00:29:13'),
(128, 'Consultoría', '2013-12-05 00:29:13', '2013-12-05 00:29:13'),
(129, 'Contabilidad y Auditoría', '2013-12-05 00:29:13', '2013-12-05 00:29:13'),
(130, 'Costureras y Sastres', '2013-12-05 00:29:13', '2013-12-05 00:29:13'),
(131, 'Cuidado de Adultos y Niños', '2013-12-05 00:29:13', '2013-12-05 00:29:13'),
(132, 'Deportes', '2013-12-05 00:29:13', '2013-12-05 00:29:13'),
(133, 'Diseño', '2013-12-05 00:29:13', '2013-12-05 00:29:13'),
(134, 'Economía, Banca, Finanzas y Seguros', '2013-12-05 00:29:13', '2013-12-05 00:29:13'),
(135, 'Educación', '2013-12-05 00:29:13', '2013-12-05 00:29:13'),
(136, 'Electricistas y similares', '2013-12-05 00:29:13', '2013-12-05 00:29:13'),
(137, 'Electrónica y Telecomunicaciones', '2013-12-05 00:29:13', '2013-12-05 00:29:13'),
(138, 'Fotógrafos', '2013-12-05 00:29:13', '2013-12-05 00:29:13'),
(139, 'Hotelería, Viajes y Turismo', '2013-12-05 00:29:13', '2013-12-05 00:29:13'),
(140, 'Idiomas', '2013-12-05 00:29:13', '2013-12-05 00:29:13'),
(141, 'Informática y Sistemas', '2013-12-05 00:29:13', '2013-12-05 00:29:13'),
(142, 'Internet y Comercio Electrónico', '2013-12-05 00:29:13', '2013-12-05 00:29:13'),
(143, 'Investigación y Desarrollo', '2013-12-05 00:29:13', '2013-12-05 00:29:13'),
(144, 'Jardineros', '2013-12-05 00:29:13', '2013-12-05 00:29:13'),
(145, 'Legal', '2013-12-05 00:29:13', '2013-12-05 00:29:13'),
(146, 'Limpieza, lavado y planchado', '2013-12-05 00:29:13', '2013-12-05 00:29:13'),
(147, 'Logística, Distribución y Almacenamiento', '2013-12-05 00:29:13', '2013-12-05 00:29:13'),
(148, 'Mecánicos y Latoneros', '2013-12-05 00:29:13', '2013-12-05 00:29:13'),
(149, 'Mensajeros y Motorizados', '2013-12-05 00:29:13', '2013-12-05 00:29:13'),
(150, 'Mercadeo y Publicidad', '2013-12-05 00:29:13', '2013-12-05 00:29:13'),
(151, 'Meseros(as) y Bartender', '2013-12-05 00:29:13', '2013-12-05 00:29:13'),
(152, 'Organización y Métodos', '2013-12-05 00:29:13', '2013-12-05 00:29:13'),
(153, 'Otros empleos', '2013-12-05 00:29:13', '2013-12-05 00:29:13'),
(154, 'Otros estudiantes', '2013-12-05 00:29:13', '2013-12-05 00:29:13'),
(155, 'Otros profesionales', '2013-12-05 00:29:13', '2013-12-05 00:29:13'),
(156, 'Pasantes, Practicantes o Becarios', '2013-12-05 00:29:13', '2013-12-05 00:29:13'),
(157, 'Petróleo, Minería y Gas', '2013-12-05 00:29:13', '2013-12-05 00:29:13'),
(158, 'Pintores', '2013-12-05 00:29:13', '2013-12-05 00:29:13'),
(159, 'Plomeros', '2013-12-05 00:29:13', '2013-12-05 00:29:13'),
(160, 'Producción, Operaciones y Mantenimiento', '2013-12-05 00:29:13', '2013-12-05 00:29:13'),
(161, 'Promotores y Modelos', '2013-12-05 00:29:13', '2013-12-05 00:29:13'),
(162, 'Recursos Humanos', '2013-12-05 00:29:13', '2013-12-05 00:29:13'),
(163, 'Salud', '2013-12-05 00:29:13', '2013-12-05 00:29:13'),
(164, 'Secretarias, Cajeros y Oficinistas', '2013-12-05 00:29:13', '2013-12-05 00:29:13'),
(165, 'Seguridad Industrial y Medio Ambiente', '2013-12-05 00:29:13', '2013-12-05 00:29:13'),
(166, 'Soldadores, herreros y torneros', '2013-12-05 00:29:13', '2013-12-05 00:29:13'),
(167, 'Ventas', '2013-12-05 00:29:13', '2013-12-05 00:29:13'),
(168, 'Vigilancia y Escolta', '2013-12-05 00:29:13', '2013-12-05 00:29:13');

-- --------------------------------------------------------

--
-- Table structure for table `servicios`
--

CREATE TABLE `servicios` (
  `id` int(10) unsigned NOT NULL AUTO_INCREMENT,
  `nombre` varchar(175) COLLATE utf8_unicode_ci NOT NULL,
  `clase_servicio` varchar(125) COLLATE utf8_unicode_ci NOT NULL,
  `created_at` timestamp NOT NULL DEFAULT '0000-00-00 00:00:00',
  `updated_at` timestamp NOT NULL DEFAULT '0000-00-00 00:00:00',
  PRIMARY KEY (`id`)
) ENGINE=InnoDB  DEFAULT CHARSET=utf8 COLLATE=utf8_unicode_ci AUTO_INCREMENT=4 ;

--
-- Dumping data for table `servicios`
--

INSERT INTO `servicios` (`id`, `nombre`, `clase_servicio`, `created_at`, `updated_at`) VALUES
(1, 'Digitel', 'Servicio_digitel', '2013-10-23 04:30:00', '2013-10-23 04:30:00'),
(2, 'Digitel', 'Servicio_digitel', '2013-12-04 04:30:00', '2013-12-04 04:30:00'),
(3, 'Digitel', 'Servicio_digitel', '2013-12-04 04:30:00', '2013-12-04 04:30:00');

-- --------------------------------------------------------

--
-- Table structure for table `transacciones`
--

CREATE TABLE `transacciones` (
  `id` int(10) unsigned NOT NULL AUTO_INCREMENT,
  `usuario_id` int(10) unsigned NOT NULL,
  `afiliacion_id` int(10) unsigned NOT NULL,
  `servicio_id` int(10) unsigned NOT NULL,
  `numero_factura` varchar(255) COLLATE utf8_unicode_ci DEFAULT NULL,
  `saldo` decimal(8,2) NOT NULL,
  `descripcion` varchar(255) COLLATE utf8_unicode_ci NOT NULL,
  `created_at` timestamp NOT NULL DEFAULT '0000-00-00 00:00:00',
  PRIMARY KEY (`id`),
  KEY `transacciones_usuario_id_foreign` (`usuario_id`),
  KEY `transacciones_afiliacion_id_foreign` (`afiliacion_id`),
  KEY `transacciones_servicio_id_foreign` (`servicio_id`)
) ENGINE=InnoDB DEFAULT CHARSET=utf8 COLLATE=utf8_unicode_ci AUTO_INCREMENT=1 ;

-- --------------------------------------------------------

--
-- Table structure for table `usuarios`
--

CREATE TABLE `usuarios` (
  `id` int(10) unsigned NOT NULL AUTO_INCREMENT,
  `email` varchar(255) COLLATE utf8_unicode_ci NOT NULL,
  `nombre` varchar(120) COLLATE utf8_unicode_ci NOT NULL,
  `apellido` varchar(200) COLLATE utf8_unicode_ci NOT NULL,
  `password` varchar(60) COLLATE utf8_unicode_ci NOT NULL,
  `username` varchar(40) COLLATE utf8_unicode_ci NOT NULL,
  `fecha_nacimiento` date NOT NULL,
  `transapin` varchar(15) COLLATE utf8_unicode_ci NOT NULL,
  `sexo` enum('m','f') COLLATE utf8_unicode_ci NOT NULL,
  `profesion_id` int(10) unsigned NOT NULL,
  `campo_laboral_id` int(10) unsigned NOT NULL,
  `nivel_educativo` enum('Primaria','Secundaria','TSU','Universitario') COLLATE utf8_unicode_ci NOT NULL,
  `ingreso_mensual` decimal(8,2) NOT NULL,
  `estado_civil` enum('Soltero','Casado','Viudo','Divorciado') COLLATE utf8_unicode_ci NOT NULL,
  `banco_default_id` int(10) unsigned NOT NULL,
  `tipo_documento` enum('Pasaporte','Cédula') COLLATE utf8_unicode_ci NOT NULL,
  `nro_documento` varchar(30) COLLATE utf8_unicode_ci NOT NULL,
  `pregunta_seguridad` varchar(255) COLLATE utf8_unicode_ci NOT NULL,
  `respuesta_seguridad` varchar(255) COLLATE utf8_unicode_ci NOT NULL,
  `created_at` timestamp NOT NULL DEFAULT '0000-00-00 00:00:00',
  `updated_at` timestamp NOT NULL DEFAULT '0000-00-00 00:00:00',
  `deleted_at` timestamp NULL DEFAULT NULL,
  PRIMARY KEY (`id`),
  UNIQUE KEY `usuarios_email_unique` (`email`),
  UNIQUE KEY `usuarios_username_unique` (`username`),
  KEY `usuarios_banco_default_id_foreign` (`banco_default_id`),
  KEY `usuarios_campo_laboral_id_foreign` (`campo_laboral_id`),
  KEY `usuarios_profesion_id_foreign` (`profesion_id`)
) ENGINE=InnoDB  DEFAULT CHARSET=utf8 COLLATE=utf8_unicode_ci AUTO_INCREMENT=7 ;

--
-- Dumping data for table `usuarios`
--

INSERT INTO `usuarios` (`id`, `email`, `nombre`, `apellido`, `password`, `username`, `fecha_nacimiento`, `transapin`, `sexo`, `profesion_id`, `campo_laboral_id`, `nivel_educativo`, `ingreso_mensual`, `estado_civil`, `banco_default_id`, `tipo_documento`, `nro_documento`, `pregunta_seguridad`, `respuesta_seguridad`, `created_at`, `updated_at`, `deleted_at`) VALUES
(1, 'aikaryu.band@gmail.com', 'Jonathan', 'Martínez', '$2y$08$D8XQH6VgNjqv.BeNtL/8WO7ShhoIxwCbrYHx1m29QSj84m2pfLayS', 'Aikaryu', '2013-10-20', '123456', 'm', 1, 1, 'Universitario', 30000.00, 'Soltero', 1, 'Cédula', '14395206', '0', 'Ola k ase?', '2013-10-21 03:38:33', '2013-10-21 03:38:33', NULL),
(2, 'mariana@gmail.com', 'Mariana', 'Castellanos', '$2y$08$VS0l64/vXxBUitLwGDmoUO/B6tyID9CWpWb43YmcdBLDpXa37R3dW', 'Maphiat', '2013-10-21', '123456', 'm', 1, 1, 'Universitario', 30000.00, 'Soltero', 1, 'Cédula', '14395206', '0', 'Ola k ase?', '2013-10-21 13:16:01', '2013-10-21 13:16:01', NULL),
(3, 'aaa@a.com', 'Jonathan', 'Martínez', '$2y$08$AM53g2WWVTlUJfMUmFa4kuSSxTShRDV2teYVVF6NSeswmGL.yhrJO', 'aaa@a.com', '2013-10-29', '123456', 'm', 1, 1, 'Universitario', 30000.00, 'Soltero', 1, 'Cédula', '14395206', '0', 'Ola k ase?', '2013-10-29 19:35:51', '2013-10-29 19:35:51', NULL),
(4, 'klaha.77@gmail.com', 'Jonas', 'Martínez', '$2y$08$4buDqBNDcWIMLkduPCxBFOPimFjW91xIReRz8xhcVDVO8voi5RXt.', 'klaha.77@gmail.com', '2013-10-29', '123456', 'm', 1, 1, 'Universitario', 30000.00, 'Soltero', 1, 'Cédula', '14395206', '0', 'Ola k ase?', '2013-10-29 20:07:24', '2013-10-29 20:07:24', NULL),
(6, 'ai@ai.com', 'Jonathan', 'Martínez', '$2y$08$p.xuygf85auOPHlbikVzweqqdG6zkNTu/Bfn/PLqf8Ij5hG8sQ2Kq', 'ai@ai.com', '2013-10-29', '123456', 'm', 1, 1, 'Universitario', 30000.00, 'Soltero', 1, 'Cédula', '14395206', '0', 'Ola k ase?', '2013-10-30 06:32:23', '2013-10-30 06:32:23', NULL);

-- --------------------------------------------------------

--
-- Table structure for table `usuario_direcciones`
--

CREATE TABLE `usuario_direcciones` (
  `id` int(10) unsigned NOT NULL AUTO_INCREMENT,
  `usuario_id` int(10) unsigned NOT NULL,
  `tipo` enum('Principal','Oficina','Habitacion') COLLATE utf8_unicode_ci NOT NULL,
  `pais` varchar(255) COLLATE utf8_unicode_ci NOT NULL,
  `estado` int(10) unsigned DEFAULT NULL,
  `municipio` int(10) unsigned DEFAULT NULL,
  `ciudad` int(10) unsigned DEFAULT NULL,
  `direccion` text COLLATE utf8_unicode_ci NOT NULL,
  `created_at` timestamp NOT NULL DEFAULT '0000-00-00 00:00:00',
  `updated_at` timestamp NOT NULL DEFAULT '0000-00-00 00:00:00',
  PRIMARY KEY (`id`),
  KEY `usuario_direcciones_usuario_id_tipo_index` (`usuario_id`,`tipo`)
) ENGINE=InnoDB DEFAULT CHARSET=utf8 COLLATE=utf8_unicode_ci AUTO_INCREMENT=1 ;

-- --------------------------------------------------------

--
-- Table structure for table `usuario_telefonos`
--

CREATE TABLE `usuario_telefonos` (
  `usuario_id` int(10) unsigned NOT NULL,
  `tipo` enum('Casa','Oficina','Celular') COLLATE utf8_unicode_ci NOT NULL,
  `numero` varchar(20) COLLATE utf8_unicode_ci NOT NULL,
  `created_at` timestamp NOT NULL DEFAULT '0000-00-00 00:00:00',
  `updated_at` timestamp NOT NULL DEFAULT '0000-00-00 00:00:00',
  PRIMARY KEY (`usuario_id`,`tipo`,`numero`)
) ENGINE=InnoDB DEFAULT CHARSET=utf8 COLLATE=utf8_unicode_ci;

--
-- Constraints for dumped tables
--

--
-- Constraints for table `accesos`
--
ALTER TABLE `accesos`
  ADD CONSTRAINT `accesos_computadora_id_foreign` FOREIGN KEY (`computadora_id`) REFERENCES `computadoras` (`id`) ON DELETE CASCADE ON UPDATE CASCADE;

--
-- Constraints for table `afiliaciones`
--
ALTER TABLE `afiliaciones`
  ADD CONSTRAINT `afiliaciones_servicio_id_foreign` FOREIGN KEY (`servicio_id`) REFERENCES `servicios` (`id`) ON DELETE CASCADE ON UPDATE CASCADE,
  ADD CONSTRAINT `afiliaciones_usuario_id_foreign` FOREIGN KEY (`usuario_id`) REFERENCES `usuarios` (`id`) ON DELETE CASCADE ON UPDATE CASCADE;

--
-- Constraints for table `archivo_servicio`
--
ALTER TABLE `archivo_servicio`
  ADD CONSTRAINT `archivo_servicio_archivo_id_foreign` FOREIGN KEY (`archivo_id`) REFERENCES `archivos` (`id`) ON DELETE CASCADE ON UPDATE CASCADE,
  ADD CONSTRAINT `archivo_servicio_servicio_id_foreign` FOREIGN KEY (`servicio_id`) REFERENCES `servicios` (`id`) ON DELETE CASCADE ON UPDATE CASCADE;

--
-- Constraints for table `archivo_usuario`
--
ALTER TABLE `archivo_usuario`
  ADD CONSTRAINT `archivo_usuario_archivo_id_foreign` FOREIGN KEY (`archivo_id`) REFERENCES `archivos` (`id`) ON DELETE CASCADE ON UPDATE CASCADE,
  ADD CONSTRAINT `archivo_usuario_usuario_id_foreign` FOREIGN KEY (`usuario_id`) REFERENCES `usuarios` (`id`) ON DELETE CASCADE ON UPDATE CASCADE;

--
-- Constraints for table `ciudades`
--
ALTER TABLE `ciudades`
  ADD CONSTRAINT `ciudades_estado_id_foreign` FOREIGN KEY (`estado_id`) REFERENCES `estados` (`id`) ON DELETE CASCADE ON UPDATE CASCADE;

--
-- Constraints for table `computadoras`
--
ALTER TABLE `computadoras`
  ADD CONSTRAINT `computadoras_usuario_id_foreign` FOREIGN KEY (`usuario_id`) REFERENCES `usuarios` (`id`) ON DELETE CASCADE ON UPDATE CASCADE;

--
-- Constraints for table `estados`
--
ALTER TABLE `estados`
  ADD CONSTRAINT `estados_pais_id_foreign` FOREIGN KEY (`pais_id`) REFERENCES `paises` (`id`) ON DELETE CASCADE ON UPDATE CASCADE;

--
-- Constraints for table `medios_de_pago`
--
ALTER TABLE `medios_de_pago`
  ADD CONSTRAINT `medios_de_pago_banco_id_foreign` FOREIGN KEY (`banco_id`) REFERENCES `bancos` (`id`) ON DELETE CASCADE ON UPDATE CASCADE,
  ADD CONSTRAINT `medios_de_pago_usuario_id_foreign` FOREIGN KEY (`usuario_id`) REFERENCES `usuarios` (`id`) ON DELETE CASCADE ON UPDATE CASCADE;

--
-- Constraints for table `medio_de_pago_tarjeta`
--
ALTER TABLE `medio_de_pago_tarjeta`
  ADD CONSTRAINT `medio_de_pago_tarjeta_medio_id_foreign` FOREIGN KEY (`medio_id`) REFERENCES `medios_de_pago` (`id`) ON DELETE CASCADE ON UPDATE CASCADE;

--
-- Constraints for table `municipios`
--
ALTER TABLE `municipios`
  ADD CONSTRAINT `municipios_estado_id_foreign` FOREIGN KEY (`estado_id`) REFERENCES `estados` (`id`) ON DELETE CASCADE ON UPDATE CASCADE;

--
-- Constraints for table `transacciones`
--
ALTER TABLE `transacciones`
  ADD CONSTRAINT `transacciones_afiliacion_id_foreign` FOREIGN KEY (`afiliacion_id`) REFERENCES `afiliaciones` (`id`) ON DELETE CASCADE ON UPDATE CASCADE,
  ADD CONSTRAINT `transacciones_servicio_id_foreign` FOREIGN KEY (`servicio_id`) REFERENCES `servicios` (`id`) ON DELETE CASCADE ON UPDATE CASCADE,
  ADD CONSTRAINT `transacciones_usuario_id_foreign` FOREIGN KEY (`usuario_id`) REFERENCES `usuarios` (`id`) ON DELETE CASCADE ON UPDATE CASCADE;

--
-- Constraints for table `usuarios`
--
ALTER TABLE `usuarios`
  ADD CONSTRAINT `usuarios_banco_default_id_foreign` FOREIGN KEY (`banco_default_id`) REFERENCES `bancos` (`id`) ON DELETE CASCADE ON UPDATE CASCADE,
  ADD CONSTRAINT `usuarios_campo_laboral_id_foreign` FOREIGN KEY (`campo_laboral_id`) REFERENCES `campos_laborales` (`id`) ON DELETE CASCADE ON UPDATE CASCADE,
  ADD CONSTRAINT `usuarios_profesion_id_foreign` FOREIGN KEY (`profesion_id`) REFERENCES `profesiones` (`id`) ON DELETE CASCADE ON UPDATE CASCADE;

--
-- Constraints for table `usuario_direcciones`
--
ALTER TABLE `usuario_direcciones`
  ADD CONSTRAINT `usuario_direcciones_usuario_id_foreign` FOREIGN KEY (`usuario_id`) REFERENCES `usuarios` (`id`) ON DELETE CASCADE ON UPDATE CASCADE;

--
-- Constraints for table `usuario_telefonos`
--
ALTER TABLE `usuario_telefonos`
  ADD CONSTRAINT `usuario_telefonos_usuario_id_foreign` FOREIGN KEY (`usuario_id`) REFERENCES `usuarios` (`id`) ON DELETE CASCADE ON UPDATE CASCADE;

/*!40101 SET CHARACTER_SET_CLIENT=@OLD_CHARACTER_SET_CLIENT */;
/*!40101 SET CHARACTER_SET_RESULTS=@OLD_CHARACTER_SET_RESULTS */;
/*!40101 SET COLLATION_CONNECTION=@OLD_COLLATION_CONNECTION */;
